HomeTeam,AwayTeam,Season,Round,HomeScore,AwayScore,Home 22m Entries,Away 22m Entries,Home 22m Conversions,Away 22m Conversions,Home Line Breaks,Away Line Breaks,Home Carries,Away Carries,Home Kicks,Away Kicks,Home Post Contact Metres,Away Post Contact Metres,Home Dominate Tackles,Away Dominate Tackles,Home Tackles Made,Away Tackles Made,Home Tackles Missed,Away Tackles Missed,Home Turnovers Won,Away Turnovers Won,Home Tackle Turnovers,Away Tackle Turnovers,Home Offloads Allowed,Away Offloads Allowed,Home 0-3s Ruck Speed,Away 0-3s Ruck Speed,Home 3-6s Ruck Speed,Away 3-6s Ruck Speed,Home 6s+ Ruck Speed,Away 6s+ Ruck Speed,Home Rucks Won,Away Rucks Won,Home Penalty Goals,Away Penalty Goals,Home Tries,Away Tries,Home Conversions,Away Conversions,Home Drop Goals,Away Drop Goals,Home Turnovers Lost,Away Turnovers Lost,Territory Home Try-Line - 22m,Territory Home 22m - 50m,Territory Away 22m - 50m,Territory Away Try-Line - 22m,Home Territory,Away Territory,Home Possessions Try Line - 22m,Home Possession 22m - 50m,Home Possession opp 50m - 22m,Home Possession opp 22m - Try Line,Away Possessions Try Line - 22m,Away Possession 22m - 50m,Away Possession opp 50m - 22m,Away Possession opp 22m - Try Line,Home Possession Last 10,Away Possession Last 10,Home Possession,Away Possession,Home Scrums,Away Scrums,Home Scrum Wins,Away Scrum Wins,Home Lineouts,Away Lineouts,Home Lineout Wins %,Away Lineout Wins %,Home Restarts Received,Away Restarts Received,Home Restarts Received Win %,Away Restarts Received Win %,Home Passes,Away Passes,Home Penalties Conceded,Away Penalties Conceded,Home Yellow Cards,Away Yellow Cards,Home Red Cards,Away Red Cards,Home Tackle Completion,Away Tackle Completion,Home Metres Gained,Away Metres Gained,Home Defenders Beaten,Away Defenders Beaten,Home Maul Wins,Away Maul Wins
gloucester,wasps,22/23,1,27,21,10,10,2.4,2.1,3,2,64,103,18,16,244,254,5,2,141,84,20,17,5,6,2,3,7,5,0.31,0.48,0.33,0.3,0.29,0.17,52,86,1,0,4,3,1,3,0,0,12,10,0.3,0.26,0.16,0.28,0.5,0.5,0.14,0.31,0.35,0.2,0.11,0.19,0.33,0.38,0.61,0.39,0.44,0.56,6,10,1,0.6,17,13,0.88,0.77,6,5,0.83,1,94,123,8,15,0,2,0,0,0.88,0.83,265,334,17,20,6,7
exeter-chiefs,leicester,22/23,1,24,20,10,5,2.1,2.8,2,3,161,58,49,54,454,132,10,1,93,215,11,26,1,7,1,4,0,10,0.66,0.26,0.17,0.51,0.13,0.2,125,56,1,2,3,2,2,2,0,0,12,13,0.12,0.37,0.22,0.28,0.5,0.5,0.07,0.31,0.35,0.27,0.07,0.32,0.46,0.15,0.11,0.89,0.57,0.43,3,5,1,1,12,15,0.83,0.8,4,6,1,0.89,176,84,11,11,1,1,0,0,0.89,0.89,517,163,26,11,1,8
london-irish,worcester,22/23,1,45,14,11,9,4.09,1.56,4,5,120,115,24,19,93,67,6,5,159,137,11,19,9,8,4,4,12,10,0.67,0.57,0.21,0.26,0.12,0.16,86,93,0,0,7,2,5,2,0,0,19,14,0.14,0.37,0.23,0.26,0.51,0.49,0.07,0.2,0.38,0.34,0.06,0.21,0.53,0.2,0.67,0.33,0.53,0.47,3,6,0.67,0.4,25,12,0.88,0.67,7,3,1,1,167,192,4,16,0,0,0,0,0.94,0.88,379,350,19,11,13,1
newcastle,harlequins,22/23,1,31,40,8,14,3.88,2.86,2,8,62,106,17,18,155,327,3,3,123,61,23,6,9,5,4,3,8,6,0.31,0.52,0.32,0.2,0.34,0.2,42,81,0,0,5,6,3,5,0,0,11,13,0.33,0.17,0.29,0.21,0.41,0.59,0.06,0.34,0.25,0.35,0.09,0.32,0.2,0.4,0.14,0.86,0.43,0.57,6,10,0.67,0.7,13,11,0.92,1,5,6,0.8,0.83,68,145,15,8,0,0,0,0,0.84,0.91,308,523,2,23,9,6
worcester,exeter-chiefs,22/23,2,21,36,9,11,2.33,3,5,6,96,178,19,24,189,239,9,10,224,116,19,23,6,1,0,0,16,15,0.51,0.5,0.28,0.29,0.15,0.14,72,138,0,1,3,5,3,4,0,0,11,10,0.13,0.37,0.07,0.43,0.61,0.39,0.09,0.27,0.55,0.09,0.14,0.22,0.47,0.17,0.6,0.4,0.39,0.61,5,5,0.8,0.4,13,14,0.62,0.86,4,7,0.8,0.87,142,193,15,13,1,0,0,0,0.92,0.83,307,518,23,19,2,6
bath,sale,22/23,2,20,37,8,8,1.75,3.5,7,4,116,71,23,23,455,263,1,8,83,136,15,31,3,4,2,0,7,15,0.52,0.44,0.21,0.18,0.21,0.34,90,54,2,3,2,4,2,4,0,0,7,15,0.3,0.26,0.1,0.34,0.58,0.42,0.06,0.34,0.47,0.14,0.06,0.17,0.35,0.41,0.63,0.37,0.57,0.43,12,1,0.83,1,7,18,0.86,0.83,6,8,0.67,0.87,131,79,16,12,0,1,0,1,0.85,0.81,386,248,31,15,2,8
harlequins,saracens,22/23,2,27,30,7,11,3.86,2.18,3,10,81,132,33,25,168,352,4,11,146,99,20,11,8,5,3,1,20,2,0.43,0.59,0.23,0.22,0.27,0.13,70,97,2,2,3,4,3,2,0,0,11,13,0.24,0.34,0.06,0.35,0.4,0.6,0.15,0.43,0.35,0.06,0.04,0.38,0.34,0.24,0.5,0.5,0.47,0.53,5,5,1,0.8,13,13,1,0.92,6,7,0.83,1,98,195,9,12,0,0,0,0,0.88,0.9,328,506,11,20,6,5
leicester,newcastle,22/23,2,36,21,11,9,3.27,2.33,6,3,84,103,43,38,291,224,8,0,126,96,11,18,5,2,1,1,9,4,0.53,0.56,0.2,0.15,0.22,0.21,59,78,1,0,5,3,4,3,0,0,13,10,0.12,0.31,0.37,0.21,0.6,0.4,0.15,0.25,0.22,0.38,0.08,0.48,0.32,0.12,0.75,0.25,0.47,0.53,7,6,0.86,1,12,18,0.83,1,8,4,1,1,110,152,11,8,0,0,0,0,0.92,0.84,574,353,18,11,5,5
wasps,bristol,22/23,2,8,23,14,8,0.36,2.88,7,4,164,75,17,31,243,71,6,7,97,233,13,48,2,8,0,6,10,25,0.59,0.26,0.32,0.4,0.09,0.34,128,59,1,2,1,2,0,2,0,1,27,9,0.21,0.18,0.31,0.3,0.68,0.32,0.02,0.24,0.36,0.38,0.21,0.31,0.22,0.25,0.55,0.45,0.57,0.43,8,17,1,0.93,9,11,0.89,0.73,4,6,0.8,0.83,204,100,9,8,0,0,0,0,0.88,0.83,709,313,48,13,3,2
northampton,london-irish,22/23,2,38,22,13,9,2.46,2.44,4,5,104,74,28,26,147,142,2,4,77,109,15,27,4,5,2,3,8,16,0.73,0.55,0.22,0.15,0,0.25,79,54,4,1,4,3,3,1,0,0,16,7,0.27,0.15,0.24,0.34,0.55,0.45,0.03,0.28,0.4,0.29,0.15,0.36,0.18,0.32,0.51,0.49,0.56,0.44,4,12,0.5,0.75,23,11,1,1,9,4,1,1,151,80,11,16,1,3,0,0,0.84,0.8,408,453,27,15,11,6
exeter-chiefs,harlequins,22/23,3,43,42,14,13,2.86,3.23,8,8,174,85,10,21,596,266,6,4,80,208,21,38,5,9,5,0,12,14,0.43,0.35,0.33,0.29,0.19,0.33,140,55,1,0,6,6,5,6,0,0,12,11,0.18,0.23,0.2,0.39,0.48,0.52,0.11,0.25,0.43,0.22,0.17,0.37,0.26,0.2,0.2,0.8,0.63,0.37,7,10,0.86,1,10,12,0.8,0.67,7,7,0.86,0.75,222,117,14,6,1,0,0,0,0.79,0.85,641,445,38,21,3,1
bristol,london-irish,22/23,3,40,36,13,10,3.08,3.6,4,4,136,147,19,17,255,368,4,2,226,177,33,18,4,10,2,5,10,14,0.54,0.65,0.28,0.16,0.15,0.14,104,123,0,1,6,5,5,4,0,0,18,17,0.15,0.26,0.24,0.34,0.62,0.38,0.04,0.16,0.47,0.33,0.12,0.31,0.36,0.21,0.21,0.79,0.48,0.52,6,6,1,1,16,13,0.94,1,6,7,1,1,166,216,10,9,0,1,0,0,0.87,0.91,437,654,18,33,7,5
northampton,leicester,22/23,3,21,41,7,16,3,2.38,7,8,95,136,32,33,200,240,3,4,166,102,31,17,6,4,6,1,17,13,0.59,0.59,0.32,0.19,0.03,0.16,61,104,0,1,3,6,3,4,0,0,14,13,0.29,0.34,0.08,0.28,0.51,0.49,0.18,0.42,0.31,0.09,0.09,0.22,0.37,0.32,0.64,0.36,0.37,0.63,3,19,1,0.74,9,10,0.89,1,4,8,0.8,0.89,123,169,14,2,3,0,0,0,0.84,0.86,585,584,7,31,2,6
worcester,newcastle,22/23,3,39,5,13,7,2.54,0.71,7,2,119,92,21,28,211,175,11,3,116,127,16,21,4,4,2,3,7,15,0.54,0.36,0.22,0.42,0.21,0.18,76,73,2,0,5,1,4,0,0,0,13,11,0.14,0.31,0.15,0.4,0.47,0.53,0.07,0.18,0.54,0.21,0.12,0.27,0.42,0.19,0.47,0.53,0.51,0.49,7,5,0.86,0.6,19,18,0.84,0.94,8,2,0.75,0.67,185,140,13,16,0,1,0,0,0.88,0.86,527,291,21,16,7,5
bath,wasps,22/23,3,31,39,8,8,3.88,3.38,5,5,122,89,19,17,207,136,5,5,120,164,10,17,4,5,2,0,6,7,0.29,0.28,0.39,0.38,0.28,0.32,103,76,1,5,4,4,4,2,0,0,8,8,0.22,0.26,0.26,0.26,0.53,0.47,0.08,0.21,0.36,0.36,0.08,0.24,0.37,0.31,0.98,0.02,0.57,0.43,4,4,0.5,0.75,14,9,0.93,1,6,8,1,0.87,113,103,10,14,1,1,0,0,0.92,0.91,386,297,17,10,10,6
harlequins,northampton,22/23,4,35,29,12,16,2.92,1.63,3,9,103,161,30,17,170,287,2,2,170,111,24,13,12,6,6,3,25,8,0.52,0.55,0.26,0.35,0.18,0.05,79,116,0,1,5,4,5,3,0,0,11,18,0.21,0.37,0.08,0.34,0.23,0.77,0.15,0.32,0.43,0.1,0.03,0.23,0.47,0.27,0.08,0.92,0.43,0.57,8,3,0.88,0.67,9,18,0.89,1,7,6,0.87,0.89,121,233,13,9,0,1,0,0,0.88,0.9,419,636,13,24,4,8
london-irish,bath,22/23,4,47,38,9,11,5.22,3.45,7,3,97,141,10,8,239,275,3,11,206,126,24,25,4,6,2,2,6,8,0.63,0.63,0.18,0.21,0.08,0.12,68,117,0,0,7,6,6,4,0,0,10,9,0.2,0.34,0.22,0.25,0.39,0.61,0.08,0.25,0.36,0.32,0.08,0.14,0.49,0.29,0.78,0.22,0.41,0.59,1,5,1,0.6,15,15,1,0.87,8,6,0.75,1,148,177,11,11,2,1,0,0,0.9,0.83,458,407,25,24,9,7
sale,exeter-chiefs,22/23,4,28,20,7,11,2.71,1.82,7,6,92,133,26,12,104,234,14,1,187,101,23,16,10,3,4,3,1,23,0.28,0.38,0.35,0.32,0.36,0.23,69,108,3,2,3,2,2,2,0,0,10,15,0.18,0.32,0.18,0.32,0.58,0.42,0.04,0.37,0.38,0.21,0.07,0.36,0.37,0.21,0.4,0.6,0.46,0.54,7,5,0.71,0.6,12,15,1,0.87,7,5,0.86,1,103,174,13,12,0,0,0,0,0.89,0.86,207,379,16,23,8,3
saracens,leicester,22/23,4,51,18,15,13,3.2,1.15,9,2,115,108,20,21,434,268,8,3,144,105,23,28,6,6,1,3,6,16,0.31,0.54,0.39,0.29,0.26,0.12,68,89,2,2,7,2,5,1,0,0,13,10,0.16,0.38,0.18,0.28,0.42,0.58,0.13,0.25,0.38,0.24,0.07,0.19,0.52,0.22,0.43,0.57,0.49,0.51,6,5,0.5,0.8,12,16,0.75,0.75,9,5,0.8,1,154,177,14,13,0,0,0,0,0.86,0.79,623,339,28,23,5,6
newcastle,bristol,22/23,4,30,15,7,6,3.43,2.5,3,3,90,108,18,14,200,194,13,7,137,135,29,15,8,2,3,2,6,6,0.38,0.34,0.36,0.5,0.25,0.1,75,86,2,1,4,2,2,1,0,0,12,16,0.25,0.28,0.17,0.3,0.54,0.46,0.08,0.29,0.4,0.23,0.1,0.19,0.38,0.33,0.74,0.26,0.49,0.51,10,8,0.8,0.75,11,15,1,0.87,6,4,0.83,1,122,143,13,12,2,1,0,0,0.83,0.9,345,379,15,29,3,2
newcastle,saracens,22/23,5,14,34,6,13,2.33,2.62,4,12,123,125,21,23,222,232,3,5,150,169,38,23,9,10,3,4,18,8,0.38,0.54,0.41,0.33,0.17,0.06,101,89,0,1,2,5,2,3,0,0,22,16,0.19,0.36,0.01,0.45,0.58,0.42,0.09,0.37,0.53,0.01,0.06,0.31,0.42,0.22,0.7,0.3,0.51,0.49,5,9,1,0.67,18,9,0.67,0.89,3,7,1,0.86,196,232,11,11,0,0,0,1,0.8,0.88,438,609,23,38,5,3
wasps,northampton,22/23,5,36,40,10,11,2.4,3.64,7,10,124,119,26,25,308,342,6,13,141,179,25,25,7,5,0,1,12,6,0.58,0.52,0.22,0.28,0.15,0.1,101,86,4,3,4,5,2,2,0,0,9,8,0.17,0.27,0.3,0.27,0.5,0.5,0.03,0.21,0.36,0.4,0.1,0.31,0.36,0.23,0.28,0.72,0.53,0.47,4,4,0.75,1,13,10,0.85,1,9,7,0.44,0.86,156,173,11,17,0,0,1,0,0.85,0.88,383,550,25,25,8,4
bath,gloucester,22/23,5,17,21,10,8,1.7,2.63,2,4,176,66,26,32,274,128,2,1,74,210,15,33,8,9,4,4,7,14,0.43,0.29,0.42,0.35,0.11,0.33,149,50,0,0,3,3,1,3,0,0,10,13,0.22,0.24,0.19,0.35,0.54,0.46,0.06,0.33,0.39,0.22,0.14,0.35,0.27,0.25,0.73,0.27,0.65,0.35,7,6,1,1,16,12,0.56,1,4,4,1,1,244,91,9,11,1,3,0,0,0.83,0.86,491,253,33,15,7,1
leicester,sale,22/23,5,16,26,10,12,1.3,2.17,4,9,69,109,38,34,198,341,1,1,128,104,29,13,5,2,4,1,16,2,0.48,0.58,0.25,0.24,0.25,0.14,63,77,3,0,1,4,1,3,0,0,12,11,0.15,0.37,0.26,0.21,0.49,0.51,0.13,0.35,0.23,0.29,0.11,0.31,0.41,0.17,0.45,0.55,0.51,0.49,9,3,0.78,0.67,17,13,0.82,0.92,5,6,0.8,1,84,134,8,14,0,0,0,0,0.82,0.89,218,549,13,29,12,7
bristol,exeter-chiefs,22/23,5,14,50,10,11,1.4,4.27,5,5,107,145,18,25,291,393,4,5,206,151,23,25,3,6,3,3,12,9,0.46,0.65,0.32,0.21,0.15,0.12,83,115,0,1,2,7,2,6,0,0,14,10,0.26,0.27,0.25,0.22,0.37,0.63,0.08,0.29,0.3,0.34,0.09,0.19,0.37,0.35,0.26,0.74,0.46,0.54,8,5,1,1,13,9,0.85,1,3,9,0.67,1,104,156,13,11,2,0,0,0,0.9,0.86,274,480,25,23,6,5
harlequins,leicester,22/23,6,19,27,8,9,2.38,2.67,10,3,130,88,18,22,683,417,0,7,92,154,10,24,5,8,2,1,13,7,0.64,0.58,0.22,0.11,0.08,0.2,111,61,0,1,3,4,2,2,0,0,14,11,0.18,0.33,0.22,0.27,0.45,0.55,0.11,0.24,0.36,0.29,0.05,0.28,0.43,0.24,0.66,0.34,0.55,0.45,4,7,1,0.86,13,18,0.77,1,3,8,0.8,0.5,186,107,14,11,0,0,0,0,0.9,0.87,511,310,24,10,4,12
gloucester,bristol,22/23,6,31,28,8,11,3.5,2.55,6,8,112,144,38,18,298,455,5,3,180,144,28,18,13,3,5,1,22,9,0.34,0.38,0.39,0.43,0.25,0.13,94,103,1,0,4,4,4,4,0,0,16,20,0.17,0.35,0.12,0.36,0.39,0.61,0.1,0.28,0.47,0.15,0.08,0.25,0.45,0.22,0.55,0.45,0.48,0.52,7,6,1,0.83,13,11,0.77,0.64,5,5,1,0.8,160,201,5,8,0,0,0,0,0.87,0.89,369,741,11,28,1,3
northampton,newcastle,22/23,6,32,31,16,7,2,4.43,9,6,108,104,26,26,295,384,3,5,137,139,26,26,7,10,4,5,8,10,0.49,0.42,0.33,0.32,0.09,0.21,71,83,1,0,5,5,2,3,0,0,12,14,0.15,0.3,0.3,0.26,0.57,0.43,0.07,0.2,0.34,0.39,0.12,0.28,0.39,0.2,0.41,0.59,0.49,0.51,9,2,0.56,1,20,16,0.9,0.88,7,6,1,1,149,130,11,17,1,2,0,0,0.84,0.84,615,476,26,26,11,8
saracens,bath,22/23,6,37,31,10,13,3.7,2.15,12,5,112,125,28,36,233,193,4,2,168,118,31,22,8,10,2,4,10,18,0.45,0.35,0.32,0.29,0.15,0.33,79,104,3,1,4,4,4,4,0,0,22,18,0.16,0.29,0.13,0.43,0.57,0.43,0.1,0.28,0.48,0.14,0.14,0.36,0.32,0.18,0.58,0.42,0.44,0.56,4,5,0.75,0.6,20,11,0.95,1,7,6,0.57,1,187,157,5,14,0,1,0,0,0.84,0.84,489,567,22,31,5,5
sale,london-irish,22/23,6,37,14,11,4,3.09,3.5,2,2,95,101,23,21,124,119,9,2,148,118,13,14,8,5,4,0,8,12,0.4,0.52,0.39,0.28,0.15,0.15,70,84,2,0,5,2,3,2,0,0,10,19,0.17,0.28,0.23,0.32,0.58,0.42,0.07,0.23,0.41,0.29,0.08,0.35,0.36,0.21,0.59,0.41,0.48,0.52,6,6,0.5,0.5,19,15,0.68,0.93,8,2,0.89,1,119,152,10,14,0,0,0,0,0.92,0.89,318,179,14,13,3,7
sale,harlequins,22/23,7,13,29,8,4,0.88,3.5,2,4,113,74,33,40,321,139,4,3,85,124,9,26,4,5,2,3,6,24,0.52,0.24,0.27,0.42,0.14,0.31,80,56,2,5,1,2,1,2,0,0,17,9,0.07,0.35,0.13,0.45,0.63,0.37,0.05,0.23,0.56,0.16,0.21,0.28,0.43,0.09,0.57,0.43,0.55,0.45,3,5,0.67,0.8,14,13,0.86,0.92,4,8,1,0.89,143,88,15,11,0,0,0,0,0.9,0.83,478,230,26,9,5,5
bath,northampton,22/23,7,27,14,7,14,3.43,1,4,3,95,92,31,17,156,194,1,0,127,103,14,23,10,3,3,0,6,7,0.42,0.6,0.23,0.24,0.31,0.02,81,72,2,0,3,2,3,2,0,0,4,14,0.25,0.3,0.13,0.32,0.29,0.71,0.16,0.27,0.41,0.17,0.03,0.25,0.39,0.32,0.8,0.2,0.6,0.4,11,2,0.91,1,15,17,0.93,0.94,7,4,0.86,1,125,142,12,15,0,0,0,0,0.9,0.82,325,396,23,14,13,6
exeter-chiefs,saracens,22/23,7,20,22,10,5,1.7,2.6,5,3,144,72,16,28,425,170,7,5,84,184,14,23,4,7,1,3,12,8,0.53,0.27,0.31,0.31,0.11,0.38,119,54,2,5,2,1,1,1,0,0,19,9,0.21,0.22,0.26,0.32,0.67,0.33,0.05,0.23,0.4,0.32,0.14,0.33,0.27,0.26,0.38,0.62,0.57,0.43,4,12,0.75,1,11,16,0.82,0.88,5,5,0.8,0.8,163,77,15,12,1,2,0,0,0.86,0.89,475,185,23,14,4,8
london-irish,gloucester,22/23,7,21,22,10,9,1.5,2.11,3,4,101,92,34,36,78,73,7,4,106,150,11,21,4,6,1,1,10,5,0.54,0.43,0.21,0.3,0.18,0.21,84,72,3,0,2,3,1,2,0,1,13,6,0.24,0.32,0.2,0.25,0.43,0.57,0.11,0.32,0.32,0.26,0.09,0.19,0.41,0.31,0.52,0.48,0.5,0.5,1,8,1,0.88,19,19,0.84,0.95,6,5,0.86,1,120,106,12,13,1,0,0,0,0.91,0.88,408,171,21,11,4,7
saracens,sale,22/23,8,33,22,6,11,4.5,2,8,3,115,104,31,25,363,194,19,19,157,146,16,23,7,5,3,5,4,14,0.52,0.47,0.2,0.25,0.26,0.19,89,86,3,1,4,3,2,1,0,0,8,15,0.22,0.33,0.12,0.33,0.32,0.68,0.16,0.28,0.41,0.15,0.08,0.24,0.4,0.27,0.92,0.08,0.5,0.5,6,4,0.83,1,10,18,0.9,0.94,8,5,1,0.8,140,113,16,7,3,0,0,0,0.91,0.86,491,284,23,16,6,10
harlequins,london-irish,22/23,8,26,24,11,6,2.36,3.5,6,4,139,70,22,24,395,203,1,9,59,163,8,29,5,8,1,5,10,15,0.61,0.45,0.27,0.13,0.07,0.32,115,42,0,1,4,3,3,3,0,0,13,14,0.08,0.34,0.15,0.42,0.61,0.39,0.04,0.28,0.5,0.18,0.09,0.4,0.41,0.1,0.9,0.1,0.61,0.39,10,7,0.9,0.86,13,16,0.85,0.88,4,5,1,1,219,104,12,10,1,1,1,1,0.88,0.85,463,260,29,8,3,8
northampton,bristol,22/23,8,45,31,13,15,3.23,2.07,7,4,58,143,17,10,268,268,6,7,156,52,23,26,4,4,2,3,23,3,0.72,0.62,0.19,0.26,0,0.04,35,102,1,0,6,5,6,3,0,0,13,12,0.22,0.27,0.16,0.35,0.37,0.63,0.17,0.21,0.43,0.2,0.09,0.3,0.34,0.27,0.07,0.93,0.32,0.68,14,8,0.79,0.63,7,19,0.86,0.84,8,6,1,1,95,216,16,7,1,0,0,0,0.87,0.67,453,683,26,23,1,10
gloucester,exeter-chiefs,22/23,8,38,22,11,9,3.45,2.11,5,0,54,131,25,14,135,328,3,14,186,66,18,10,5,3,3,0,11,3,0.53,0.58,0.22,0.26,0.22,0.12,38,111,0,1,6,3,4,2,0,0,9,14,0.21,0.3,0.34,0.15,0.51,0.49,0.09,0.29,0.19,0.43,0.09,0.26,0.38,0.27,0.45,0.55,0.37,0.63,11,8,0.82,1,10,11,1,0.82,7,5,1,1,69,174,9,7,1,1,0,0,0.91,0.87,230,314,10,18,5,5
bristol,saracens,22/23,9,10,25,6,10,1.67,1.3,1,1,83,58,37,41,151,96,4,6,80,114,13,15,4,6,2,1,4,3,0.4,0.35,0.42,0.2,0.15,0.41,70,48,0,6,2,1,0,1,0,0,7,13,0.24,0.27,0.2,0.29,0.52,0.48,0.14,0.41,0.26,0.18,0.12,0.41,0.25,0.22,0.97,0.03,0.55,0.45,10,8,0.6,0.88,14,14,0.93,0.86,3,7,1,0.71,108,74,14,7,0,0,0,0,0.86,0.88,333,225,11,13,9,4
sale,gloucester,22/23,9,27,17,9,13,2.67,1.31,3,4,71,86,30,38,125,117,5,4,126,64,11,22,4,4,1,1,2,6,0.53,0.47,0.14,0.36,0.24,0.13,55,74,2,0,3,3,3,1,0,0,13,9,0.28,0.29,0.15,0.29,0.49,0.51,0.14,0.24,0.41,0.21,0.09,0.09,0.41,0.4,0.22,0.78,0.44,0.56,7,2,1,1,11,27,0.91,1,6,4,0.67,1,116,120,15,12,1,0,0,0,0.92,0.74,284,206,22,11,6,15
newcastle,bath,22/23,9,10,17,7,9,1,1.56,3,2,89,95,23,28,320,300,6,5,132,106,14,14,8,4,3,1,3,6,0.35,0.51,0.41,0.31,0.21,0.13,79,78,1,1,1,2,1,2,0,0,19,12,0.25,0.28,0.16,0.31,0.41,0.59,0.8,0.32,0.4,0.2,0.11,0.21,0.36,0.32,0.86,0.14,0.48,0.52,9,10,0.78,0.7,13,17,0.92,0.76,4,5,0.5,1,159,115,11,12,0,0,0,0,0.9,0.88,307,332,14,14,2,10
northampton,exeter-chiefs,22/23,9,26,19,9,6,1.89,3.17,2,3,91,129,42,40,54,129,5,10,194,110,28,12,8,7,3,5,4,16,0.57,0.43,0.3,0.34,0.1,0.19,68,113,4,0,2,3,2,2,0,0,13,9,0.18,0.44,0.08,0.3,0.41,0.59,0.06,0.56,0.3,0.08,0.08,0.3,0.44,0.18,0.21,0.79,0.41,0.59,2,9,1,0.67,12,6,0.75,0.83,8,4,0.87,1,104,153,5,14,1,0,0,0,0.87,0.9,210,372,12,28,5,2
saracens,northampton,22/23,10,45,39,11,7,3.82,5.14,11,6,161,90,29,29,601,344,10,16,101,192,17,37,4,5,0,2,14,15,0.68,0.63,0.21,0.2,0.07,0.09,128,71,1,2,6,5,6,4,0,0,17,6,0.13,0.32,0.12,0.43,0.59,0.41,0.04,0.19,0.6,0.17,0.08,0.29,0.45,0.18,0.95,0.05,0.59,0.41,5,6,1,1,11,12,0.91,0.83,8,8,0.87,0.87,206,135,8,12,0,2,0,0,0.86,0.84,734,474,37,17,5,6
exeter-chiefs,london-irish,22/23,10,22,17,5,19,3.8,0.89,4,6,120,100,24,17,191,213,21,10,136,151,24,20,3,5,2,1,9,7,0.56,0.78,0.16,0.09,0.19,0.04,98,84,1,1,3,2,2,2,0,0,8,14,0.37,0.25,0.12,0.26,0.34,0.66,0.17,0.37,0.32,0.15,0.02,0.22,0.31,0.45,0.43,0.57,0.54,0.46,9,3,0.78,1,11,19,0.73,0.84,5,4,0.8,0.5,137,161,16,12,0,1,0,0,0.85,0.88,429,331,20,24,3,10
gloucester,newcastle,22/23,10,21,27,10,6,2.1,4,3,5,80,96,24,27,303,297,12,10,114,96,10,15,6,7,3,2,5,5,0.4,0.35,0.38,0.34,0.15,0.27,66,75,0,2,3,3,2,3,0,0,12,8,0.11,0.33,0.24,0.32,0.6,0.4,0.09,0.15,0.43,0.32,0.17,0.22,0.45,0.15,0.64,0.36,0.5,0.5,6,7,0.83,1,21,11,0.86,0.73,4,6,1,1,132,120,9,15,0,4,0,0,0.92,0.86,339,395,15,10,10,4
bath,leicester,22/23,10,19,18,6,8,2.67,1.5,4,7,76,109,28,35,170,124,9,13,129,104,22,25,3,1,3,0,7,10,0.44,0.53,0.29,0.2,0.24,0.22,62,90,3,2,2,2,0,1,0,0,8,11,0.25,0.3,0.16,0.29,0.41,0.59,0.09,0.35,0.37,0.2,0.06,0.24,0.38,0.32,0.74,0.26,0.45,0.55,8,9,0.75,0.56,10,13,0.8,1,6,4,0.5,1,110,106,8,10,0,0,0,0,0.85,0.81,329,380,25,22,4,10
leicester,london-irish,22/23,11,33,31,8,13,4.13,2.38,4,2,79,74,22,20,158,211,2,6,107,114,19,9,2,7,0,4,4,2,0.38,0.58,0.23,0.2,0.35,0.13,59,62,0,0,5,5,4,2,0,0,8,12,0.18,0.3,0.26,0.26,0.56,0.44,0.06,0.23,0.36,0.36,0.09,0.24,0.42,0.25,0.73,0.27,0.53,0.47,9,2,0.78,0.5,15,16,1,1,7,6,0.57,0.57,83,91,12,13,1,0,0,0,0.85,0.93,276,256,9,19,8,9
sale,bristol,22/23,11,25,20,10,9,2.2,2.22,4,7,77,146,29,35,172,342,18,9,194,98,29,15,5,7,4,2,18,4,0.47,0.53,0.22,0.35,0.22,0.11,55,115,2,2,3,2,2,2,0,0,13,16,0.21,0.31,0.1,0.38,0.45,0.55,0.08,0.26,0.52,0.14,0.04,0.25,0.42,0.29,0.32,0.68,0.42,0.58,3,6,0.67,0.5,17,10,0.82,1,6,6,1,1,105,197,9,10,0,0,0,0,0.87,0.87,358,498,5,29,6,5
harlequins,gloucester,22/23,11,21,12,8,11,2.63,1.09,4,3,108,110,40,42,243,221,11,6,134,110,15,13,5,9,2,3,7,5,0.54,0.46,0.16,0.3,0.23,0.19,82,86,0,0,3,2,3,1,0,0,15,17,0.18,0.39,0.15,0.28,0.36,0.64,0.14,0.32,0.35,0.19,0.06,0.22,0.49,0.23,0.16,0.84,0.47,0.53,4,7,1,1,15,21,0.87,0.86,4,3,1,0.67,125,165,10,9,0,0,0,0,0.9,0.89,485,304,13,15,7,9
newcastle,exeter-chiefs,22/23,11,24,21,11,8,1.91,2.63,3,3,106,159,29,20,344,408,6,5,210,124,26,30,14,2,6,2,9,15,0.42,0.58,0.36,0.31,0.19,0.05,80,127,1,0,3,3,3,3,0,0,10,15,0.23,0.22,0.15,0.39,0.53,0.47,0.07,0.18,0.54,0.21,0.08,0.3,0.3,0.32,0.31,0.69,0.46,0.54,6,6,1,0.5,13,10,0.92,1,5,4,0.8,1,144,178,8,13,0,1,0,0,0.89,0.81,387,570,30,26,7,5
bristol,leicester,22/23,12,26,26,7,7,3.71,3.29,7,6,111,79,26,31,321,260,5,5,107,134,22,23,3,7,0,2,9,14,0.51,0.41,0.32,0.39,0.12,0.16,78,61,0,3,4,3,3,1,0,0,11,12,0.26,0.21,0.21,0.33,0.56,0.44,0.06,0.21,0.45,0.28,0.11,0.25,0.28,0.35,0.99,0.01,0.51,0.49,11,7,0.73,0.86,7,17,1,0.94,5,6,1,0.83,143,92,14,6,1,0,0,1,0.83,0.85,424,276,23,22,2,6
gloucester,northampton,22/23,12,34,19,9,12,3.44,1.58,8,4,102,123,29,20,387,446,9,4,153,132,20,37,5,7,1,4,14,11,0.47,0.61,0.18,0.22,0.29,0.12,74,95,2,0,4,3,4,2,0,0,14,14,0.22,0.37,0.15,0.26,0.41,0.59,0.14,0.39,0.3,0.17,0.09,0.24,0.42,0.25,0.41,0.59,0.51,0.49,8,6,1,0.5,13,15,0.92,0.8,7,4,0.86,1,152,168,6,14,1,1,0,0,0.88,0.78,452,483,37,20,4,5
london-irish,newcastle,22/23,12,39,17,10,7,3.9,2.43,1,5,116,104,18,19,392,306,14,7,143,149,20,25,6,1,1,0,8,6,0.66,0.49,0.15,0.28,0.13,0.13,99,83,2,1,5,2,4,2,0,0,8,10,0.18,0.3,0.25,0.27,0.5,0.5,0.05,0.2,0.39,0.36,0.06,0.23,0.44,0.27,0.36,0.64,0.52,0.48,5,4,0.8,0.75,18,14,0.89,1,7,4,1,1,161,130,13,14,0,1,0,0,0.88,0.86,367,284,25,20,7,6
bath,harlequins,22/23,12,13,19,10,9,0.7,2.11,4,5,80,101,19,19,308,342,6,6,129,115,23,15,6,5,1,1,7,7,0.4,0.57,0.28,0.29,0.23,0.05,67,80,2,0,1,3,1,2,0,0,16,14,0.35,0.18,0.1,0.38,0.47,0.53,0.06,0.27,0.54,0.14,0.04,0.2,0.26,0.5,0.68,0.32,0.51,0.49,3,16,1,0.88,15,12,0.93,0.83,6,4,0.87,0.75,113,144,14,17,0,2,0,0,0.85,0.88,350,346,15,23,6,6
harlequins,bristol,22/23,13,12,15,13,4,0.92,3.75,5,1,115,71,31,33,232,167,4,9,70,140,19,25,2,5,0,3,12,7,0.49,0.25,0.34,0.2,0.12,0.51,82,49,0,1,2,2,1,1,0,0,16,15,0.12,0.18,0.18,0.51,0.7,0.3,0.01,0.18,0.59,0.21,0.25,0.4,0.21,0.14,0.44,0.56,0.51,0.49,11,10,1,1,17,11,0.76,1,3,4,0.67,0.75,156,72,7,11,0,1,0,0,0.79,0.85,450,261,25,19,8,6
exeter-chiefs,bath,22/23,13,20,15,8,15,2.13,1,0,4,91,103,19,21,137,160,32,13,164,138,14,9,5,7,1,1,4,3,0.33,0.32,0.32,0.38,0.3,0.27,78,88,2,1,2,2,2,1,0,0,12,14,0.32,0.25,0.24,0.19,0.38,0.62,0.14,0.3,0.25,0.31,0.04,0.23,0.32,0.41,0.38,0.62,0.47,0.53,6,7,0.67,0.71,14,18,0.79,0.89,4,4,1,1,106,98,15,14,0,0,0,0,0.92,0.94,197,174,9,14,2,9
leicester,gloucester,22/23,13,28,13,9,6,2.78,1.67,4,4,102,110,42,40,286,292,20,8,135,121,25,19,6,5,5,1,9,6,0.41,0.48,0.31,0.29,0.19,0.21,82,89,3,1,3,2,2,0,0,0,16,19,0.22,0.18,0.21,0.38,0.57,0.43,0.07,0.28,0.41,0.23,0.12,0.45,0.19,0.24,0.33,0.67,0.47,0.53,3,2,1,1,16,15,0.81,0.93,7,4,1,1,135,181,9,14,0,0,0,0,0.84,0.86,433,302,19,25,5,7
london-irish,saracens,22/23,13,29,20,8,8,2.5,1.75,3,4,109,109,36,40,282,232,23,18,144,129,14,29,5,7,2,3,16,8,0.68,0.58,0.06,0.25,0.18,0.13,81,82,5,2,2,2,2,2,0,0,12,13,0.16,0.38,0.12,0.34,0.41,0.59,0.11,0.28,0.45,0.16,0.08,0.18,0.51,0.22,0.69,0.31,0.47,0.53,7,5,0.71,0.6,12,19,0.83,0.74,7,5,0.86,0.86,142,177,11,12,2,0,1,1,0.91,0.82,434,390,29,14,3,4
newcastle,sale,22/23,13,20,14,7,11,2.43,1.27,2,2,74,73,24,20,177,231,3,8,89,100,17,19,1,9,1,4,5,10,0.22,0.55,0.3,0.3,0.43,0.11,53,56,2,0,2,2,2,2,0,0,12,14,0.15,0.44,0.15,0.27,0.44,0.56,0.15,0.34,0.33,0.18,0.04,0.22,0.54,0.19,0.54,0.46,0.56,0.44,7,7,1,0.43,19,18,0.89,0.83,5,3,1,1,62,121,13,18,1,0,0,0,0.84,0.84,184,262,19,17,14,5
sale,leicester,22/23,14,40,5,10,10,3.4,0.5,9,3,135,64,40,40,590,152,13,6,83,150,10,33,5,4,1,0,5,31,0.53,0.4,0.27,0.2,0.15,0.34,95,54,3,0,5,1,2,0,0,0,15,13,0.18,0.21,0.19,0.41,0.54,0.43,0.5,0.37,0.4,0.19,0.12,0.49,0.21,0.18,0.67,0.33,0.58,0.42,5,5,0.4,0.6,14,15,0.93,1,8,3,0.75,1,199,78,10,14,0,1,0,0,0.89,0.82,615,238,33,10,4,6
northampton,harlequins,22/23,14,46,17,18,5,2.56,3.4,11,5,179,97,28,26,738,377,20,13,125,211,20,40,5,9,4,7,11,27,0.5,0.53,0.33,0.31,0.17,0.17,127,78,2,1,6,2,5,2,0,0,20,18,0.22,0.17,0.31,0.31,0.67,0.33,0.02,0.18,0.4,0.4,0.14,0.35,0.22,0.29,0.71,0.29,0.59,0.41,5,5,0.8,0.8,14,12,1,0.75,10,4,0.75,1,221,130,11,11,0,1,0,0,0.86,0.84,780,413,40,20,6,6
bath,newcastle,22/23,14,24,16,6,8,3.5,1.63,1,3,65,87,53,47,125,204,16,5,119,84,17,9,5,3,2,1,5,1,0.31,0.18,0.35,0.42,0.31,0.37,52,69,1,3,3,1,3,1,0,0,8,11,0.2,0.32,0.25,0.23,0.46,0.54,0.14,0.29,0.27,0.29,0.17,0.22,0.38,0.23,0.44,0.56,0.43,0.57,3,5,0.67,1,11,19,1,0.89,6,5,1,1,49,87,16,10,1,1,0,0,0.87,0.9,244,350,9,17,3,14
gloucester,london-irish,22/23,14,8,6,11,3,0.45,2,3,1,109,106,44,38,269,362,17,22,144,156,21,10,7,4,4,2,6,7,0.54,0.58,0.19,0.2,0.24,0.18,89,82,1,2,1,0,0,0,0,0,11,17,0.02,0.37,0.29,0.32,0.61,0.39,0.08,0.21,0.37,0.34,0.13,0.42,0.43,0.02,0.75,0.25,0.53,0.47,7,10,1,0.6,25,11,0.84,0.91,2,3,1,0.67,133,148,8,9,1,0,0,0,0.87,0.94,271,376,10,21,9,3
saracens,exeter-chiefs,22/23,14,35,3,11,4,2.64,0,3,2,104,86,31,23,134,182,10,18,122,151,21,14,9,3,4,2,3,10,0.45,0.43,0.29,0.19,0.26,0.38,84,77,2,1,5,0,2,0,0,0,12,18,0,0.37,0.27,0.37,0.63,0.37,0.06,0.25,0.4,0.29,0.12,0.48,0.4,0,0.5,0.5,0.56,0.44,14,4,1,0.75,18,8,0.83,0.5,6,2,1,1,133,95,5,16,0,0,0,0,0.85,0.92,274,246,14,21,10,1
harlequins,sale,22/23,15,16,24,6,16,2.67,1.5,3,4,97,94,45,48,133,173,10,9,125,119,19,24,5,9,2,3,6,7,0.5,0.35,0.26,0.34,0.18,0.27,74,72,2,0,2,4,0,2,0,0,17,15,0.32,0.26,0.15,0.26,0.41,0.59,0.14,0.36,0.31,0.18,0.03,0.28,0.3,0.38,0.62,0.38,0.47,0.53,7,6,0.71,1,11,19,0.91,0.89,5,6,1,1,99,107,8,9,0,0,0,0,0.87,0.83,286,347,24,19,7,9
london-irish,bristol,22/23,15,23,7,9,2,1.89,3.5,2,2,138,81,31,21,358,160,9,4,90,189,14,26,8,4,2,0,17,13,0.64,0.38,0.21,0.47,0.14,0.15,116,48,3,0,2,1,2,1,0,0,12,21,0.11,0.28,0.21,0.4,0.6,0.4,0.08,0.26,0.43,0.23,0.16,0.42,0.3,0.12,0.49,0.51,0.63,0.37,8,8,0.57,0.75,19,10,0.68,0.8,6,3,1,0.67,171,111,8,18,0,0,0,0,0.87,0.88,353,256,26,14,8,0
exeter-chiefs,northampton,22/23,15,35,12,8,8,4.38,1.5,3,5,104,97,36,29,220,270,20,6,128,129,30,15,6,4,2,2,17,9,0.49,0.66,0.26,0.18,0.25,0.16,81,77,0,0,5,2,5,1,0,0,11,19,0.14,0.4,0.16,0.3,0.46,0.54,0.13,0.3,0.37,0.19,0.07,0.27,0.49,0.17,0.56,0.44,0.49,0.51,9,8,0.67,0.83,17,16,0.71,0.75,6,3,1,1,102,138,17,10,0,0,0,0,0.81,0.9,318,288,15,30,6,5
newcastle,leicester,22/23,15,45,26,9,8,5,3.25,10,5,101,138,36,35,257,177,12,7,165,106,17,26,2,7,2,0,10,7,0.52,0.67,0.21,0.2,0.27,0.14,68,102,1,0,6,4,6,3,0,0,6,10,0.27,0.3,0.15,0.28,0.36,0.64,0.09,0.32,0.38,0.2,0.05,0.17,0.41,0.36,0.11,0.89,0.43,0.57,6,2,1,1,13,20,1,1,8,4,0.5,1,124,170,16,10,1,2,0,0,0.91,0.8,412,401,26,17,7,13
gloucester,saracens,22/23,15,16,19,9,12,1.11,1.33,2,5,80,142,34,35,354,531,10,6,165,102,27,26,5,5,3,1,15,4,0.4,0.53,0.19,0.28,0.38,0.17,65,114,3,2,1,2,1,0,0,1,16,14,0.24,0.28,0.14,0.34,0.46,0.54,0.1,0.26,0.46,0.19,0.09,0.2,0.38,0.33,0.33,0.67,0.43,0.57,4,5,1,1,15,9,0.8,0.89,6,7,1,1,98,174,8,10,0,1,0,0,0.86,0.8,382,503,26,27,2,3
london-irish,harlequins,22/23,16,42,24,12,12,3.5,2,8,5,98,115,18,23,411,460,4,5,138,117,25,20,6,8,2,4,12,8,0.55,0.5,0.3,0.25,0.09,0.18,71,88,0,0,6,4,6,1,0,0,14,14,0.21,0.27,0.32,0.2,0.52,0.48,0.06,0.19,0.29,0.46,0.16,0.14,0.39,0.31,0.09,0.91,0.46,0.54,2,9,1,0.89,18,18,0.83,0.83,6,5,0.83,1,138,149,12,9,1,1,0,1,0.85,0.85,549,562,20,25,9,7
exeter-chiefs,gloucester,22/23,16,24,17,11,3,1.91,4.67,1,4,141,73,40,47,425,167,3,7,87,189,15,30,4,10,4,2,12,6,0.64,0.43,0.22,0.2,0.14,0.37,123,51,1,1,3,2,3,2,0,0,18,16,0.1,0.29,0.2,0.42,0.59,0.41,0.03,0.32,0.44,0.21,0.12,0.48,0.3,0.1,0.26,0.74,0.58,0.42,10,6,0.75,1,10,14,0.8,1,5,4,0.83,0.5,175,113,12,5,0,0,0,0,0.85,0.86,368,174,30,15,4,4
saracens,bristol,22/23,16,20,19,12,8,1.67,1.25,5,7,112,107,20,22,355,300,14,12,139,133,16,28,6,6,3,2,13,10,0.52,0.48,0.19,0.3,0.19,0.17,85,73,1,3,3,2,1,0,0,0,10,15,0.2,0.34,0.19,0.27,0.44,0.56,0.1,0.36,0.32,0.23,0.13,0.24,0.4,0.24,0.89,0.11,0.51,0.49,8,6,0.75,0.67,16,14,0.75,1,4,6,1,0.83,147,117,16,14,0,0,0,0,0.9,0.83,458,528,28,16,7,11
leicester,northampton,22/23,16,18,19,7,9,1.71,1.78,3,7,117,133,46,43,369,444,22,16,161,154,29,29,6,4,2,2,18,7,0.39,0.4,0.28,0.29,0.31,0.26,92,97,2,4,2,1,1,1,0,0,12,12,0.17,0.3,0.19,0.34,0.57,0.43,0.05,0.33,0.4,0.22,0.16,0.29,0.35,0.2,0.62,0.38,0.5,0.5,7,4,0.86,1,12,11,0.83,0.91,5,7,0.8,1,135,153,9,9,0,1,0,0,0.85,0.84,426,498,29,29,7,6
sale,bath,22/23,16,30,27,10,5,2.7,4.8,5,4,92,91,24,32,201,198,18,16,127,119,18,13,3,5,0,3,5,4,0.37,0.28,0.34,0.33,0.24,0.35,72,82,1,2,5,3,1,3,0,0,11,7,0.18,0.23,0.14,0.45,0.6,0.4,0.05,0.17,0.59,0.19,0.12,0.34,0.3,0.24,0.61,0.39,0.45,0.55,4,11,0.75,0.45,11,15,0.91,1,8,5,0.87,0.8,137,86,12,13,0,3,0,0,0.88,0.9,236,223,13,18,5,8
leicester,saracens,22/23,17,24,18,7,12,3,1,5,6,99,157,32,31,303,494,3,8,200,106,43,28,6,7,2,4,21,9,0.51,0.56,0.25,0.3,0.24,0.13,71,126,1,2,3,2,3,1,0,0,17,16,0.22,0.3,0.11,0.37,0.42,0.58,0.08,0.36,0.43,0.13,0.05,0.33,0.35,0.26,0.36,0.64,0.4,0.6,6,6,0.83,1,12,17,0.92,1,5,4,1,0.83,103,197,12,8,0,0,0,0,0.82,0.79,427,576,28,43,5,7
bath,london-irish,22/23,17,10,25,8,7,0.88,3.57,3,4,108,106,24,30,307,318,14,1,128,153,21,17,9,3,1,1,9,6,0.41,0.4,0.28,0.29,0.27,0.24,90,80,1,2,1,3,1,2,0,0,9,9,0.2,0.21,0.15,0.43,0.58,0.42,0.07,0.23,0.51,0.18,0.16,0.35,0.25,0.24,0.62,0.38,0.49,0.51,6,6,1,1,11,12,0.55,1,4,5,1,1,122,136,10,12,3,1,0,0,0.86,0.9,366,445,17,21,2,6
northampton,sale,22/23,17,38,34,6,14,6.33,2.21,5,9,119,116,28,33,236,234,12,14,137,126,28,24,4,10,4,6,8,7,0.51,0.51,0.26,0.3,0.17,0.18,81,83,0,1,6,5,3,3,0,0,18,9,0.22,0.37,0.18,0.23,0.41,0.59,0.1,0.42,0.27,0.21,0.09,0.25,0.42,0.25,0.56,0.44,0.51,0.49,3,10,0.33,0.6,17,16,1,1,7,6,0.86,1,151,132,7,11,0,2,0,1,0.83,0.84,453,403,24,28,6,7
bristol,newcastle,22/23,17,30,12,8,7,3,1.71,5,0,108,107,34,31,230,180,15,6,180,129,13,29,5,4,2,4,8,12,0.5,0.57,0.29,0.2,0.21,0.23,78,91,2,0,4,2,2,1,0,0,15,14,0.3,0.2,0.24,0.27,0.49,0.51,0.13,0.25,0.33,0.29,0.15,0.25,0.24,0.36,0.46,0.54,0.48,0.52,5,14,1,0.92,5,19,0.6,0.79,5,3,0.8,1,108,123,10,6,1,0,0,0,0.93,0.82,423,195,29,13,1,8
gloucester,harlequins,22/23,17,28,26,10,10,2.8,2.6,4,3,94,124,19,17,204,161,11,5,167,100,21,26,5,7,0,3,10,6,0.44,0.52,0.32,0.27,0.18,0.13,69,107,0,0,4,4,4,3,0,0,22,13,0.17,0.34,0.17,0.32,0.47,0.53,0.04,0.27,0.46,0.24,0.07,0.21,0.48,0.24,0.42,0.58,0.43,0.57,6,4,0.83,1,11,22,0.91,0.73,6,4,1,0.75,108,192,10,9,0,1,0,0,0.89,0.79,362,377,26,21,6,7
exeter-chiefs,sale,22/23,18,24,22,10,8,2.1,2.75,8,6,181,96,33,41,396,234,6,14,126,246,30,40,6,6,3,2,3,6,0.43,0.32,0.31,0.38,0.24,0.29,150,82,1,1,3,3,3,2,0,0,12,13,0.14,0.37,0.24,0.25,0.49,0.51,0.09,0.26,0.34,0.32,0.08,0.25,0.49,0.19,0.8,0.2,0.58,0.42,1,6,1,0.83,11,14,0.82,0.93,5,5,1,1,170,114,12,12,1,2,0,0,0.81,0.86,571,285,40,30,5,5
london-irish,leicester,22/23,18,22,25,10,8,2.2,2.75,8,2,140,95,29,37,369,266,1,10,132,151,7,26,3,8,2,3,3,15,0.67,0.66,0.16,0.2,0.1,0.09,109,81,1,2,3,3,2,2,0,0,14,10,0.21,0.3,0.25,0.25,0.53,0.47,0.07,0.23,0.35,0.35,0.11,0.18,0.42,0.29,0.6,0.4,0.58,0.42,6,6,0.83,1,16,7,0.88,0.86,5,8,0.8,0.62,196,99,11,11,0,1,0,0,0.95,0.85,402,337,2,7,8,4
northampton,gloucester,22/23,18,41,34,11,12,3.73,2.83,7,6,120,96,29,28,423,296,8,8,116,143,20,23,2,9,1,2,5,6,0.66,0.49,0.2,0.28,0.14,0.23,95,76,1,0,6,6,4,2,0,0,13,14,0.22,0.19,0.28,0.31,0.56,0.44,0.07,0.16,0.4,0.37,0.17,0.29,0.25,0.29,0.14,0.86,0.48,0.52,4,6,1,1,13,16,0.92,0.94,9,5,0.89,1,143,139,13,9,0,0,0,0,0.85,0.86,565,398,23,20,3,11
saracens,newcastle,22/23,18,29,23,16,7,1.81,2,10,5,141,115,20,24,446,432,5,12,139,142,36,43,9,8,5,2,10,17,0.68,0.52,0.18,0.28,0.07,0.15,98,91,0,3,5,2,2,2,0,0,15,15,0.16,0.22,0.18,0.43,0.65,0.35,0.05,0.2,0.53,0.22,0.18,0.35,0.27,0.2,0.1,0.9,0.52,0.48,8,8,0.88,0.75,12,14,0.67,1,6,5,1,0.8,229,152,11,11,0,0,0,1,0.79,0.77,770,440,43,36,4,4
bath,bristol,22/23,18,13,15,4,7,2.5,2.14,1,3,98,107,25,17,212,337,7,8,116,149,26,16,3,4,1,3,20,10,0.45,0.36,0.41,0.35,0.14,0.28,85,79,2,1,1,2,1,1,0,0,15,15,0.11,0.37,0.22,0.3,0.53,0.47,0.04,0.35,0.35,0.26,0.12,0.31,0.44,0.13,0.58,0.42,0.49,0.51,6,10,1,1,13,10,0.77,0.8,6,4,0.83,1,121,142,5,14,0,1,0,0,0.82,0.9,240,400,16,26,7,5
newcastle,london-irish,22/23,19,19,34,8,11,2.38,2.82,1,7,107,112,28,26,224,333,6,6,116,154,22,15,6,3,3,3,10,7,0.51,0.52,0.27,0.28,0.17,0.15,92,79,0,1,3,5,2,3,0,0,9,13,0.24,0.27,0.11,0.38,0.5,0.5,0.13,0.22,0.51,0.15,0.05,0.26,0.37,0.32,0.41,0.59,0.53,0.47,5,7,0.6,0.57,18,11,0.94,0.82,4,7,0.75,0.86,150,156,8,11,0,0,0,0,0.84,0.91,319,565,15,22,6,3
sale,saracens,22/23,19,35,24,13,8,2.69,2.63,11,6,91,121,26,25,310,188,23,8,154,111,25,31,4,7,1,4,16,7,0.49,0.55,0.28,0.26,0.23,0.19,64,93,0,3,5,3,5,0,0,0,11,8,0.11,0.33,0.18,0.38,0.56,0.44,0.05,0.18,0.53,0.25,0.09,0.31,0.45,0.15,0.47,0.53,0.43,0.57,1,10,1,0.83,12,16,1,0.81,4,7,1,1,123,148,12,10,0,1,0,1,0.86,0.78,396,294,31,25,3,7
harlequins,exeter-chiefs,22/23,19,40,5,13,9,3.08,0.56,9,0,110,161,35,18,325,338,10,10,211,128,28,20,11,7,2,3,12,16,0.4,0.55,0.34,0.26,0.23,0.12,75,129,0,0,6,1,5,0,0,0,8,16,0.17,0.39,0.2,0.24,0.43,0.57,0.08,0.39,0.29,0.24,0.06,0.27,0.46,0.2,0.67,0.33,0.47,0.53,10,0,0.8,0,14,12,0.93,0.83,8,2,0.75,1,121,205,11,11,1,1,0,0,0.88,0.86,466,432,20,28,8,4
leicester,bath,22/23,19,48,27,11,7,3.82,3.43,10,5,112,109,38,35,273,231,13,20,136,125,18,22,6,6,1,4,8,5,0.51,0.61,0.26,0.22,0.2,0.14,85,89,2,1,6,4,6,2,0,0,8,11,0.25,0.16,0.3,0.29,0.58,0.42,0.05,0.3,0.32,0.33,0.14,0.39,0.18,0.28,0.26,0.74,0.54,0.46,5,5,0.8,0.8,18,13,0.94,0.77,9,6,0.89,1,129,129,10,13,0,2,0,0,0.88,0.85,441,357,22,18,9,1
bristol,northampton,22/23,19,62,8,12,7,4.92,0.71,11,5,179,133,25,20,519,267,13,13,188,192,17,48,3,2,2,1,9,38,0.51,0.52,0.33,0.35,0.15,0.1,123,118,1,1,9,1,7,0,0,0,5,10,0.28,0.26,0.17,0.29,0.45,0.55,0.13,0.28,0.38,0.22,0.08,0.23,0.33,0.36,0.56,0.44,0.58,0.42,4,2,1,0.5,15,9,0.93,0.56,10,3,0.9,1,230,185,7,11,0,1,0,0,0.92,0.8,751,431,48,17,7,1
bristol,harlequins,22/23,20,51,26,11,11,4.36,2.36,10,7,104,126,8,12,351,301,6,8,152,104,33,28,2,1,2,1,14,13,0.83,0.73,0.14,0.18,0.03,0.09,71,97,2,0,7,4,5,3,0,0,12,12,0.15,0.34,0.27,0.24,0.52,0.48,0.03,0.2,0.36,0.41,0.06,0.21,0.51,0.22,0.4,0.6,0.45,0.55,10,12,1,0.92,11,7,0.91,0.86,10,6,0.4,1,159,155,10,11,0,1,0,0,0.82,0.79,586,466,28,33,5,3
gloucester,leicester,22/23,20,5,26,6,11,0.83,2.36,4,4,95,134,26,26,190,300,10,5,177,124,38,14,8,5,2,1,9,12,0.45,0.59,0.21,0.18,0.27,0.13,78,108,0,0,1,4,0,3,0,0,18,19,0.26,0.32,0.21,0.21,0.39,0.61,0.16,0.26,0.29,0.29,0.07,0.15,0.43,0.35,0.15,0.85,0.45,0.55,7,11,1,0.91,12,19,1,0.89,2,4,1,0.8,140,139,17,9,2,1,0,0,0.82,0.9,296,397,14,38,5,9
london-irish,sale,22/23,20,36,18,9,13,3.67,1.15,7,4,116,88,40,32,309,267,10,7,102,136,20,26,6,5,2,3,9,11,0.74,0.72,0.15,0.18,0.11,0.1,86,65,1,2,5,2,4,1,0,0,12,15,0.22,0.29,0.12,0.37,0.48,0.52,0.14,0.22,0.48,0.16,0.07,0.26,0.38,0.28,0.4,0.6,0.52,0.48,4,6,1,1,16,20,0.94,0.95,8,5,0.75,0.8,171,152,11,8,1,0,0,0,0.84,0.84,446,309,26,20,3,9
exeter-chiefs,newcastle,22/23,20,24,5,13,11,1.85,0.45,2,4,124,115,24,23,263,241,7,5,148,180,27,22,5,7,2,4,15,9,0.64,0.63,0.16,0.31,0.2,0.07,103,93,0,0,4,1,1,0,0,0,8,19,0.16,0.32,0.36,0.16,0.5,0.5,0.07,0.16,0.24,0.53,0.1,0.18,0.47,0.24,0.67,0.33,0.49,0.51,11,2,0.89,1,12,20,0.83,0.9,5,2,1,0.75,125,176,18,10,2,1,0,0,0.85,0.89,364,320,22,27,6,8
northampton,bath,22/23,20,45,26,11,8,3.82,3.25,7,4,113,100,28,29,306,176,12,16,98,110,17,28,4,3,2,1,14,12,0.42,0.61,0.36,0.19,0.15,0.15,81,72,1,0,6,4,6,3,0,0,13,9,0.2,0.29,0.19,0.31,0.49,0.51,0.1,0.3,0.37,0.23,0.09,0.32,0.35,0.24,0.27,0.73,0.52,0.48,6,7,0.67,0.71,16,12,1,1,8,5,0.78,0.8,143,114,10,15,1,1,0,0,0.85,0.8,462,343,28,17,8,9
bath,exeter-chiefs,22/23,21,36,19,10,9,3.6,2.11,5,3,84,121,32,26,214,270,6,20,141,108,26,22,7,3,2,2,7,6,0.42,0.72,0.25,0.2,0.33,0.09,65,88,1,0,5,3,4,2,0,0,13,11,0.19,0.38,0.19,0.24,0.43,0.57,0.12,0.38,0.28,0.22,0.1,0.24,0.44,0.22,0.28,0.72,0.49,0.51,8,7,0.88,1,17,16,0.94,0.88,7,4,1,1,86,154,11,17,2,1,0,0,0.84,0.83,285,318,22,26,11,4
london-irish,northampton,22/23,21,37,11,14,5,2.21,3.8,7,2,135,99,29,27,444,284,6,11,126,157,25,34,4,5,1,2,5,13,0.73,0.53,0.14,0.32,0.06,0.08,100,77,2,1,4,3,4,2,1,0,11,8,0.15,0.33,0.2,0.33,0.55,0.45,0.07,0.28,0.4,0.25,0.1,0.32,0.4,0.18,0.49,0.51,0.54,0.46,6,3,0.83,1,19,12,0.89,0.75,9,5,1,1,189,156,9,13,0,1,0,0,0.83,0.82,550,425,34,25,7,1
saracens,harlequins,22/23,21,36,24,10,11,3.3,2.18,8,3,99,127,26,23,245,404,8,10,159,104,26,19,11,4,6,2,2,15,0.44,0.42,0.33,0.33,0.2,0.21,62,101,1,0,5,4,4,2,0,0,16,17,0.29,0.21,0.22,0.28,0.47,0.53,0.11,0.26,0.35,0.28,0.1,0.28,0.27,0.36,0.61,0.39,0.45,0.55,8,7,1,0.86,12,7,1,0.86,8,6,0.75,1,126,144,9,11,1,2,0,0,0.86,0.85,449,474,19,26,6,3
leicester,bristol,22/23,21,46,24,9,8,4.44,3,4,8,109,118,28,19,283,354,5,19,99,139,26,16,6,7,3,1,28,9,0.46,0.55,0.29,0.28,0.21,0.13,84,73,2,1,6,3,5,3,0,0,15,19,0.14,0.31,0.13,0.43,0.58,0.42,0.07,0.25,0.53,0.16,0.05,0.41,0.38,0.17,0.74,0.26,0.54,0.46,13,4,0.85,1,17,7,0.88,1,8,5,1,0.6,124,151,3,17,0,1,0,0,0.79,0.9,344,557,16,26,13,2
newcastle,gloucester,22/23,21,17,12,7,9,2,1.33,6,5,100,83,43,33,227,285,5,14,91,114,20,27,8,7,5,2,7,4,0.41,0.34,0.41,0.36,0.18,0.3,73,53,1,0,2,2,2,1,0,0,11,13,0.15,0.31,0.22,0.32,0.53,0.47,0.09,0.32,0.36,0.24,0.17,0.32,0.34,0.17,0.4,0.6,0.52,0.48,9,5,1,0.8,14,16,0.93,0.94,4,3,1,1,131,130,10,8,0,0,1,0,0.82,0.81,372,456,27,20,8,5
leicester,exeter-chiefs,22/23,22,62,19,10,7,5.9,2.71,11,4,98,146,37,23,263,323,12,18,169,114,29,27,7,2,2,1,27,8,0.34,0.56,0.36,0.28,0.27,0.12,68,103,1,0,9,3,6,2,0,0,14,9,0.14,0.32,0.29,0.25,0.49,0.51,0.1,0.35,0.25,0.29,0.07,0.47,0.32,0.14,0.29,0.71,0.47,0.53,5,9,1,0.78,13,13,1,0.77,10,4,1,0.5,107,189,9,14,0,2,0,1,0.85,0.81,426,403,27,29,8,3
harlequins,newcastle,22/23,22,48,20,14,5,3.43,3.4,12,3,154,89,17,15,423,273,8,8,83,177,24,29,4,1,0,0,12,8,0.62,0.38,0.27,0.37,0.06,0.18,121,67,0,2,8,2,4,2,0,0,9,12,0.16,0.29,0.3,0.26,0.61,0.39,0.06,0.19,0.35,0.4,0.12,0.28,0.39,0.21,0.79,0.21,0.58,0.42,9,5,0.78,0.6,16,10,0.94,1,7,4,0.87,1,229,124,9,15,1,1,0,0,0.78,0.86,597,345,29,25,4,4
northampton,saracens,22/23,22,38,29,11,8,3.45,3.25,9,10,154,130,27,34,360,221,22,12,178,184,23,42,3,5,2,2,6,16,0.58,0.5,0.27,0.32,0.11,0.14,109,102,0,1,6,4,4,3,0,0,14,9,0.2,0.3,0.26,0.25,0.52,0.48,0.08,0.3,0.3,0.32,0.07,0.34,0.36,0.24,0.15,0.85,0.5,0.5,4,9,0.75,0.78,9,13,1,1,7,5,1,1,198,144,10,6,0,1,0,1,0.89,0.81,592,400,42,23,1,7
bristol,sale,22/23,22,20,36,4,13,4.25,1.85,2,8,134,77,28,36,202,240,9,24,90,153,21,22,4,5,3,1,11,11,0.43,0.38,0.32,0.25,0.19,0.36,105,60,2,4,2,3,2,3,0,1,19,14,0.22,0.36,0.12,0.3,0.41,0.59,0.28,0.23,0.35,0.14,0.11,0.22,0.42,0.25,0.74,0.26,0.56,0.44,3,9,0.67,0.78,14,13,0.93,0.69,4,9,1,1,178,92,7,13,1,0,0,0,0.81,0.87,491,338,16,24,1,11
gloucester,bath,22/23,22,24,33,10,12,2.4,2.75,10,4,90,96,21,21,104,126,9,8,126,90,24,16,8,3,5,2,8,9,0.43,0.53,0.29,0.26,0.29,0.21,62,74,1,0,3,5,3,3,0,0,17,14,0.32,0.26,0.19,0.23,0.39,0.61,0.14,0.31,0.31,0.25,0.08,0.14,0.34,0.43,0.51,0.49,0.5,0.5,7,5,0.86,0.8,12,19,0.75,0.89,6,5,1,0.83,142,96,11,14,1,1,0,0,0.84,0.85,368,326,22,21,7,2
saracens,london-irish,22/23,23,45,21,14,6,3,2.5,5,2,111,112,22,18,115,97,18,20,130,137,21,26,10,2,4,1,4,8,0.62,0.61,0.24,0.17,0.11,0.09,80,78,4,3,5,2,4,1,0,0,10,13,0.13,0.31,0.31,0.24,0.57,0.43,0.08,0.27,0.29,0.37,0.08,0.39,0.37,0.16,0.53,0.47,0.54,0.46,5,9,0.8,0.67,17,8,0.94,0.88,9,6,0.9,1,170,155,12,15,0,1,0,0,0.86,0.84,440,337,26,21,9,3
gloucester,sale,22/23,23,22,25,11,7,1.73,3.14,10,3,137,107,27,28,376,345,14,22,124,164,32,29,4,5,1,3,6,12,0.59,0.49,0.14,0.24,0.21,0.23,103,84,1,2,3,3,2,2,0,0,15,13,0.18,0.36,0.24,0.22,0.52,0.48,0.07,0.35,0.28,0.31,0.07,0.25,0.46,0.23,0.87,0.13,0.56,0.44,13,6,0.77,0.5,18,11,0.89,1,5,6,0.8,0.83,195,114,8,15,0,2,0,0,0.79,0.85,451,455,29,32,7,4
exeter-chiefs,bristol,22/23,23,22,21,13,6,1.69,3.5,5,4,125,121,26,23,93,204,15,21,148,154,28,26,9,3,8,1,8,14,0.52,0.49,0.24,0.25,0.18,0.21,90,87,1,0,3,3,2,3,0,0,13,18,0.29,0.17,0.12,0.42,0.55,0.45,0.06,0.27,0.53,0.15,0.15,0.28,0.21,0.36,0.88,0.12,0.53,0.47,13,3,0.62,1,22,10,0.82,0.9,5,4,0.8,1,131,113,7,17,0,0,1,0,0.84,0.86,313,426,26,28,6,4
harlequins,bath,22/23,23,35,45,11,7,3.18,6,12,4,130,79,15,23,474,208,4,10,92,132,17,32,4,5,2,4,14,11,0.57,0.24,0.26,0.36,0.13,0.36,90,56,0,1,5,6,5,6,0,0,11,9,0.2,0.28,0.25,0.27,0.54,0.46,0.08,0.29,0.32,0.3,0.16,0.26,0.33,0.24,0.3,0.7,0.52,0.48,5,7,1,1,12,14,0.92,0.93,6,8,1,1,167,93,11,6,2,0,0,0,0.84,0.8,634,298,32,17,5,10
newcastle,northampton,22/23,23,5,66,5,18,1,3.67,9,11,119,186,26,32,321,475,10,12,180,155,42,25,5,6,2,5,15,13,0.57,0.68,0.28,0.21,0.11,0.08,97,113,0,0,1,10,0,8,0,0,16,12,0.2,0.35,0.09,0.36,0.42,0.58,0.13,0.37,0.39,0.1,0.1,0.3,0.38,0.22,0.39,0.61,0.44,0.56,2,4,1,1,14,12,0.79,0.92,2,10,1,0.8,175,260,4,6,1,0,0,0,0.81,0.86,470,986,25,42,3,6
bath,saracens,22/23,24,61,29,13,7,4.69,4.14,6,7,139,94,26,27,287,292,12,18,98,182,26,16,3,3,0,1,6,11,0.47,0.55,0.27,0.3,0.26,0.15,100,69,0,0,9,5,8,2,0,0,7,8,0.2,0.3,0.29,0.2,0.53,0.47,0.09,0.28,0.26,0.37,0.06,0.29,0.39,0.26,0.71,0.29,0.58,0.42,4,6,1,0.83,14,8,1,0.75,9,6,0.89,0.86,111,113,6,14,0,1,0,0,0.79,0.92,458,344,16,26,9,3
bristol,gloucester,22/23,24,36,21,18,13,2,1.62,7,9,161,127,20,25,502,307,14,8,113,159,25,39,6,14,1,6,20,29,0.48,0.47,0.31,0.32,0.15,0.14,104,67,1,0,5,3,4,2,0,0,23,19,0.16,0.33,0.16,0.35,0.49,0.51,0.1,0.29,0.42,0.19,0.11,0.31,0.4,0.19,0.33,0.67,0.56,0.44,4,6,1,0.67,18,16,0.94,0.94,7,3,1,1,210,225,9,10,1,0,0,0,0.82,0.8,846,603,39,25,8,7
leicester,harlequins,22/23,24,17,20,7,10,2.43,1.7,2,5,93,130,34,42,190,319,15,11,147,114,21,17,3,7,3,1,5,8,0.39,0.42,0.31,0.26,0.31,0.32,65,99,1,2,2,2,2,1,0,0,17,15,0.21,0.34,0.22,0.24,0.48,0.52,0.15,0.37,0.25,0.23,0.06,0.35,0.36,0.22,0.6,0.4,0.47,0.53,9,6,1,1,17,16,0.94,0.81,4,4,1,0.83,76,146,11,12,1,1,1,0,0.87,0.87,291,402,17,21,13,4
london-irish,exeter-chiefs,22/23,24,17,14,4,9,4.25,1.56,4,4,80,134,47,42,166,290,17,14,176,98,22,20,6,5,3,3,11,14,0.4,0.38,0.31,0.45,0.29,0.17,53,103,0,0,3,2,1,2,0,0,22,12,0.21,0.37,0.15,0.27,0.42,0.58,0.12,0.47,0.26,0.15,0.06,0.37,0.36,0.21,0.47,0.53,0.45,0.55,6,8,0.83,0.63,12,13,1,0.85,6,3,0.83,1,98,117,8,12,0,0,0,0,0.89,0.83,343,421,20,22,6,0
sale,newcastle,22/23,24,54,12,12,5,4.5,2.4,8,4,115,110,41,39,200,163,19,5,145,103,24,20,7,5,3,5,8,7,0.47,0.43,0.29,0.36,0.24,0.21,70,81,0,0,8,2,6,1,0,0,15,20,0.14,0.34,0.19,0.32,0.5,0.5,0.12,0.31,0.36,0.21,0.07,0.39,0.38,0.16,0.36,0.64,0.48,0.52,13,1,1,1,15,22,0.73,0.91,9,2,1,1,136,118,12,9,0,1,0,0,0.86,0.84,474,272,20,24,1,7
sale,leicester,22/23,SF,21,13,7,6,1.71,1.17,6,2,133,99,37,37,137,119,8,7,138,145,24,17,6,2,3,1,5,14,0.43,0.48,0.29,0.26,0.28,0.26,98,78,3,2,2,1,1,1,0,0,10,9,0.18,0.36,0.21,0.25,0.47,0.53,0.07,0.4,0.29,0.24,0.1,0.28,0.41,0.21,0.53,0.47,0.54,0.46,3,6,1,0.67,18,10,0.89,0.9,6,6,1,1,141,113,8,11,0,1,0,0,0.85,0.9,257,287,17,24,8,3
saracens,northampton,22/23,SF,38,15,11,10,3.18,1.2,9,3,101,161,27,21,245,292,14,5,198,101,33,22,10,4,3,1,10,17,0.6,0.46,0.2,0.38,0.12,0.11,69,135,1,1,5,2,4,1,0,0,17,15,0.26,0.31,0.1,0.33,0.41,0.59,0.13,0.34,0.41,0.12,0.09,0.19,0.39,0.33,0.15,0.85,0.41,0.59,7,6,0.86,0.83,13,12,0.92,0.92,7,4,0.87,1,140,211,11,13,1,1,0,0,0.86,0.82,486,426,22,33,8,4
saracens,sale,22/23,F,35,25,11,7,3.18,3.14,6,4,109,126,33,26,243,324,24,15,160,116,38,24,8,4,5,3,9,18,0.59,0.43,0.24,0.27,0.17,0.3,78,99,3,2,4,3,2,2,0,0,11,13,0.12,0.29,0.17,0.43,0.58,0.42,0.05,0.24,0.51,0.2,0.14,0.37,0.35,0.14,0.16,0.84,0.47,0.53,5,6,0.8,1,13,13,1,0.69,9,7,0.89,1,167,133,9,10,1,1,0,0,0.81,0.83,320,378,24,38,7,3
sale,northampton,23/24,1,20,15,9,13,2.22,1.15,9,12,126,170,36,37,165,302,37,15,211,134,34,16,6,3,6,3,13,14,0.39,0.48,0.38,0.31,0.21,0.19,90,129,1,1,3,2,1,1,0,0,14,14,0.3,0.23,0.07,0.41,0.46,0.54,0.13,0.23,0.54,0.09,0.08,0.23,0.3,0.39,0.21,0.79,0.46,0.54,9,2,0.33,1,11,18,0.82,0.94,5,5,0.8,1,154,199,13,7,1,0,0,0,0.86,0.89,359,568,16,34,5,5
bath,newcastle,23/24,1,34,26,9,12,3.78,1.92,8,6,88,122,24,29,206,277,14,2,139,84,28,20,5,5,2,1,10,10,0.39,0.42,0.3,0.3,0.24,0.23,50,87,0,3,6,3,2,1,0,0,13,11,0.15,0.34,0.24,0.27,0.52,0.48,0.14,0.25,0.32,0.29,0.08,0.33,0.41,0.18,0.26,0.74,0.41,0.59,1,9,1,0.56,15,17,0.87,0.94,6,8,0.86,0.87,85,167,14,8,0,2,0,0,0.83,0.81,451,390,20,28,7,8
gloucester,harlequins,23/24,1,29,28,9,11,3.22,2.27,5,4,146,137,24,31,304,239,6,8,162,144,15,32,4,6,2,2,6,7,0.52,0.62,0.28,0.24,0.2,0.14,96,109,1,3,4,3,3,2,0,0,14,9,0.25,0.26,0.18,0.31,0.49,0.51,0.05,0.25,0.44,0.26,0.07,0.19,0.38,0.36,1,0,0.51,0.49,6,5,1,1,14,12,1,1,5,8,0.8,1,165,158,11,9,0,1,0,0,0.92,0.82,514,482,32,15,3,7
exeter-chiefs,saracens,23/24,1,65,10,16,4,4.06,2.5,12,5,154,109,34,32,465,182,15,10,127,150,27,36,4,5,1,0,12,16,0.4,0.41,0.37,0.3,0.19,0.24,85,67,0,0,11,2,5,0,0,0,9,11,0.17,0.31,0.17,0.35,0.52,0.48,0.1,0.36,0.36,0.18,0.07,0.43,0.32,0.18,0.5,0.5,0.54,0.46,6,7,0.5,0.86,15,7,0.87,0.71,12,3,0.85,0.67,128,115,8,9,1,2,0,0,0.82,0.81,802,418,36,27,5,1
bristol,leicester,23/24,1,25,14,8,11,2.75,1.27,4,3,98,114,45,39,179,228,13,10,138,110,20,22,8,5,6,2,11,4,0.38,0.61,0.33,0.15,0.25,0.2,65,88,2,0,3,2,2,2,0,0,10,21,0.27,0.26,0.05,0.42,0.46,0.54,0.16,0.29,0.48,0.06,0.14,0.25,0.3,0.31,0.22,0.78,0.47,0.53,10,7,0.6,0.71,13,14,0.77,1,7,4,1,1,96,141,11,6,0,0,0,0,0.87,0.83,367,336,22,20,5,5
harlequins,exeter-chiefs,23/24,2,22,14,7,9,2.71,1.56,7,7,123,153,36,23,280,420,3,17,157,153,39,35,8,3,3,2,17,5,0.49,0.67,0.26,0.2,0.26,0.13,96,97,1,0,3,2,2,2,0,0,10,22,0.13,0.39,0.18,0.3,0.46,0.54,0.1,0.28,0.39,0.23,0.05,0.28,0.5,0.17,0.42,0.58,0.52,0.48,8,8,1,1,12,14,0.92,1,4,3,1,0.8,151,162,5,6,0,0,0,0,0.8,0.81,368,542,35,39,6,2
leicester,sale,23/24,2,17,24,7,11,2.43,2.18,3,8,139,155,29,28,234,345,10,15,185,173,36,25,8,4,3,3,15,3,0.62,0.47,0.22,0.34,0.14,0.16,117,119,0,1,3,3,1,3,0,0,13,9,0.19,0.41,0.18,0.23,0.42,0.58,0.04,0.46,0.28,0.22,0.06,0.21,0.51,0.23,0.94,0.06,0.51,0.49,6,7,0.83,0.86,19,12,1,0.92,4,6,0.6,1,199,166,8,12,0,0,0,0,0.84,0.87,288,582,25,36,11,4
northampton,bristol,23/24,2,27,33,10,10,2.7,3,6,1,148,121,25,33,321,302,13,11,140,131,30,26,1,5,0,3,10,17,0.53,0.39,0.31,0.42,0.12,0.15,100,91,1,3,4,4,2,2,0,0,10,6,0.19,0.31,0.27,0.23,0.48,0.52,0.13,0.19,0.31,0.37,0.07,0.25,0.43,0.26,0.54,0.46,0.49,0.51,5,6,1,1,14,12,0.79,0.92,6,8,1,1,180,167,13,11,1,1,0,0,0.82,0.83,517,395,26,30,4,3
saracens,bath,23/24,2,16,25,4,8,1.75,2.75,4,3,66,100,29,35,119,226,10,6,130,77,22,12,2,6,1,4,9,8,0.29,0.4,0.29,0.3,0.38,0.27,46,78,3,1,1,4,1,1,0,0,12,12,0.34,0.23,0.01,0.42,0.45,0.55,0.13,0.39,0.46,0.01,0.1,0.28,0.25,0.37,0.41,0.59,0.42,0.58,8,9,0.75,0.67,15,19,0.87,0.79,6,6,1,1,62,95,15,11,0,1,0,0,0.86,0.87,231,297,12,22,8,7
newcastle,gloucester,23/24,2,14,28,9,7,1.56,2.14,3,2,63,103,28,31,162,172,3,4,104,81,24,10,7,6,1,3,3,2,0.5,0.47,0.31,0.16,0.13,0.3,48,75,0,2,2,2,1,1,0,0,15,16,0.24,0.24,0.25,0.27,0.48,0.52,0.11,0.13,0.39,0.37,0.12,0.18,0.35,0.35,0.55,0.45,0.42,0.58,10,3,0.5,1,18,20,0.61,0.85,3,5,1,0.8,68,96,13,9,1,1,0,0,0.81,0.89,206,280,10,24,5,9
newcastle,northampton,23/24,3,14,16,6,6,1.33,2.67,3,1,141,70,43,43,215,200,6,17,97,179,14,12,2,7,0,5,5,5,0.46,0.45,0.32,0.33,0.22,0.22,107,52,3,3,1,1,0,1,0,0,12,12,0.1,0.34,0.22,0.34,0.57,0.43,0.08,0.27,0.4,0.25,0.11,0.38,0.39,0.12,0.88,0.12,0.6,0.4,10,7,0.86,1,15,11,0.87,0.82,6,5,1,1,146,75,7,15,0,1,0,0,0.87,0.94,386,318,12,14,4,5
bath,leicester,23/24,3,24,25,5,6,3,1.67,2,1,97,70,41,39,164,90,6,5,69,108,8,13,2,2,2,0,4,7,0.28,0.3,0.38,0.38,0.29,0.27,75,56,4,6,2,1,1,1,0,0,14,10,0.16,0.36,0.23,0.26,0.49,0.51,0.1,0.41,0.26,0.23,0.14,0.34,0.36,0.16,0.16,0.84,0.53,0.47,6,7,1,0.86,14,13,0.79,0.85,8,8,0.87,0.87,79,74,13,9,0,1,0,0,0.9,0.89,272,142,13,8,3,5
exeter-chiefs,sale,23/24,3,43,0,9,6,4.78,0,3,0,76,79,36,31,169,145,18,8,100,97,11,19,5,4,3,2,9,2,0.37,0.28,0.33,0.23,0.27,0.46,58,63,1,0,6,0,4,0,0,0,17,17,0.16,0.35,0.09,0.39,0.5,0.5,0.09,0.38,0.43,0.1,0.1,0.33,0.39,0.18,0.6,0.4,0.47,0.53,9,11,0.67,0.73,15,12,0.93,0.92,7,1,1,1,65,80,6,11,0,0,0,0,0.9,0.84,312,243,19,11,5,7
bristol,harlequins,23/24,3,21,23,8,7,2.25,2.43,5,3,106,130,34,36,202,233,17,7,130,89,16,17,8,3,4,1,11,5,0.58,0.57,0.25,0.28,0.17,0.15,67,77,3,3,2,2,1,2,0,0,23,13,0.16,0.35,0.16,0.33,0.49,0.51,0.1,0.29,0.41,0.2,0.11,0.26,0.43,0.2,0.19,0.81,0.49,0.51,9,11,0.86,1,12,13,1,0.77,6,6,1,0.86,138,128,8,8,1,1,0,0,0.89,0.84,437,425,17,16,5,5
gloucester,saracens,23/24,3,3,24,10,6,0,3.5,6,2,147,99,28,34,268,124,8,15,99,188,16,25,5,6,3,3,1,11,0.41,0.25,0.39,0.34,0.2,0.41,106,71,1,1,0,3,0,3,0,0,17,9,0.18,0.26,0.17,0.39,0.61,0.39,0.06,0.31,0.45,0.19,0.18,0.32,0.3,0.2,0.38,0.62,0.55,0.45,5,8,0.8,0.86,22,8,0.73,0.88,2,6,0.75,1,185,94,10,16,0,2,0,0,0.86,0.88,375,272,6,2,4,3
exeter-chiefs,bristol,23/24,4,29,20,14,6,2.07,3.33,5,3,154,48,28,25,325,83,12,18,52,234,12,27,5,5,2,4,3,6,0.42,0.46,0.46,0.25,0.12,0.29,130,27,1,1,4,3,3,1,0,0,15,12,0.18,0.11,0.44,0.26,0.7,0.3,0.07,0.14,0.3,0.5,0.28,0.38,0.13,0.21,0.67,0.33,0.69,0.31,6,10,1,1,16,7,0.94,1,7,6,0.89,0.83,113,50,7,14,0,1,0,0,0.81,0.9,412,194,27,12,8,3
saracens,leicester,23/24,4,32,17,9,10,3.22,1.4,3,4,117,108,41,33,124,218,19,4,118,114,21,15,8,6,5,4,7,15,0.61,0.56,0.24,0.19,0.15,0.25,74,83,2,1,4,2,3,2,0,0,18,15,0.13,0.34,0.15,0.38,0.54,0.46,0.1,0.31,0.42,0.17,0.16,0.32,0.38,0.14,0.41,0.59,0.49,0.51,7,8,1,0.71,14,19,0.93,0.79,7,4,1,1,148,137,9,8,0,0,0,0,0.85,0.88,346,349,15,21,8,5
harlequins,newcastle,23/24,4,40,12,8,9,5,1.33,5,5,142,126,25,14,96,177,9,5,161,124,30,18,8,2,4,0,13,9,0.44,0.59,0.31,0.27,0.21,0.08,94,94,0,0,6,2,5,0,0,0,6,14,0.17,0.35,0.28,0.21,0.42,0.58,0.13,0.14,0.31,0.42,0.05,0.18,0.53,0.25,0.43,0.57,0.51,0.49,13,4,0.85,0.75,14,14,0.93,1,7,4,1,1,181,213,11,10,1,1,0,0,0.84,0.87,326,418,18,30,3,0
northampton,bath,23/24,4,24,18,6,9,3.5,1.33,3,7,99,124,40,42,266,425,13,13,170,101,21,17,6,6,3,2,6,4,0.43,0.6,0.19,0.21,0.31,0.18,63,98,1,2,3,2,3,1,0,0,10,12,0.17,0.45,0.21,0.17,0.31,0.69,0.23,0.34,0.19,0.24,0.05,0.24,0.52,0.2,0.37,0.63,0.45,0.55,12,4,0.83,0.5,13,12,0.92,0.92,5,5,1,1,102,142,7,10,0,0,0,0,0.89,0.86,258,466,17,21,5,3
sale,gloucester,23/24,4,24,10,12,6,2,1.17,3,4,123,78,41,39,127,59,21,5,72,106,8,14,6,3,2,2,3,12,0.41,0.37,0.29,0.22,0.26,0.36,77,51,0,1,4,1,2,1,0,0,10,13,0.02,0.34,0.19,0.45,0.59,0.41,0.05,0.24,0.5,0.21,0.12,0.49,0.37,0.02,0.42,0.58,0.56,0.44,8,2,0.75,1,17,18,0.88,0.72,7,4,0.86,0.8,146,102,10,12,0,0,0,0,0.9,0.88,351,286,14,8,7,1
newcastle,saracens,23/24,5,12,50,5,13,2.4,3.85,1,11,114,148,26,30,204,377,9,13,114,132,38,19,6,6,1,2,14,3,0.65,0.6,0.16,0.28,0.19,0.12,83,80,0,1,2,7,1,6,0,0,12,7,0.21,0.34,0.16,0.29,0.4,0.6,0.08,0.35,0.37,0.2,0.07,0.22,0.44,0.27,0.32,0.68,0.46,0.54,1,8,1,0.71,14,16,0.86,1,3,7,0.75,1,144,174,11,9,1,1,0,0,0.75,0.87,266,612,19,38,6,11
northampton,exeter-chiefs,23/24,5,34,19,10,4,2.8,4.75,8,1,151,102,48,43,354,234,16,19,152,148,12,26,6,8,2,4,1,14,0.46,0.45,0.35,0.22,0.16,0.25,97,84,2,0,4,3,4,2,0,0,14,11,0.23,0.21,0.18,0.38,0.56,0.44,0.05,0.39,0.38,0.18,0.16,0.39,0.21,0.23,0.27,0.73,0.55,0.45,4,8,1,0.75,13,14,0.92,0.64,7,4,0.86,1,162,77,11,12,0,0,0,1,0.93,0.85,584,310,26,12,5,5
leicester,harlequins,23/24,5,25,29,11,8,2,3.63,5,4,130,118,29,28,216,161,10,13,113,142,21,24,4,7,1,4,7,12,0.58,0.55,0.26,0.23,0.17,0.22,93,79,2,0,3,5,2,2,0,0,15,15,0.27,0.24,0.22,0.26,0.47,0.53,0.06,0.29,0.35,0.3,0.1,0.2,0.33,0.37,0.52,0.48,0.56,0.44,8,8,0.86,1,11,15,0.73,0.87,6,5,1,1,181,115,9,7,0,0,0,0,0.84,0.86,399,334,24,21,2,4
bristol,sale,23/24,5,13,27,7,9,1,3,6,9,163,105,33,42,172,126,13,27,122,167,20,35,5,9,1,6,14,26,0.6,0.54,0.26,0.25,0.14,0.21,94,66,2,0,1,4,1,2,0,1,17,9,0.23,0.3,0.14,0.33,0.5,0.5,0.13,0.33,0.38,0.16,0.13,0.27,0.34,0.26,0.89,0.11,0.54,0.46,7,5,0.83,0.75,16,13,0.94,0.92,4,7,0.6,1,192,136,8,13,0,1,0,0,0.86,0.83,408,526,35,20,7,7
gloucester,bath,23/24,5,27,45,10,14,2.4,3.21,7,8,135,126,25,23,135,121,9,16,159,145,23,26,6,9,2,2,9,12,0.48,0.48,0.3,0.36,0.22,0.16,87,91,2,1,3,6,3,5,0,0,14,16,0.29,0.24,0.22,0.25,0.45,0.55,0.12,0.23,0.35,0.31,0.07,0.19,0.33,0.4,0.57,0.43,0.52,0.48,7,6,1,0.8,13,7,0.92,0.86,7,7,0.86,0.71,178,127,10,11,1,1,0,0,0.87,0.85,404,480,26,23,4,3
exeter-chiefs,gloucester,23/24,6,25,24,9,9,2.11,2.67,2,9,122,87,24,28,124,124,12,7,88,120,21,25,4,5,2,2,11,7,0.6,0.37,0.21,0.23,0.13,0.38,83,58,2,0,3,4,2,2,0,0,14,13,0.24,0.23,0.3,0.22,0.59,0.41,0.11,0.22,0.28,0.38,0.13,0.28,0.29,0.3,0.65,0.35,0.54,0.46,14,5,0.86,1,10,15,0.7,0.93,5,5,1,1,105,128,8,8,1,1,0,0,0.81,0.83,441,298,25,21,4,1
harlequins,saracens,23/24,6,10,38,7,10,1.43,3.8,4,11,164,134,32,30,200,237,3,6,107,157,26,29,9,3,4,2,14,16,0.6,0.42,0.22,0.33,0.18,0.25,113,66,1,0,1,6,1,4,0,0,13,9,0.23,0.29,0.13,0.35,0.46,0.54,0.12,0.26,0.45,0.17,0.06,0.28,0.37,0.3,0.72,0.28,0.52,0.48,5,4,1,1,10,18,0.9,0.94,3,8,1,0.89,232,160,11,12,1,0,0,0,0.8,0.84,408,541,29,26,2,17
leicester,northampton,23/24,6,26,17,7,8,2.43,1.75,2,7,100,137,33,31,214,333,10,9,172,112,33,11,6,9,2,6,14,6,0.61,0.52,0.22,0.31,0.16,0.17,72,105,4,1,2,2,2,2,0,0,15,14,0.17,0.26,0.27,0.3,0.57,0.43,0.07,0.26,0.35,0.32,0.08,0.41,0.31,0.2,0.18,0.82,0.45,0.55,12,8,0.9,0.67,15,10,0.73,0.8,7,3,0.86,1,118,170,10,20,0,2,0,0,0.84,0.91,303,420,11,33,7,6
bath,bristol,23/24,6,20,19,11,7,1.82,2.71,6,5,81,163,28,25,224,204,18,9,126,72,29,27,6,1,2,1,11,15,0.32,0.43,0.29,0.29,0.38,0.24,50,77,2,0,2,3,2,2,0,0,13,15,0.11,0.39,0.16,0.34,0.46,0.54,0.09,0.29,0.43,0.2,0.14,0.24,0.49,0.14,0.14,0.86,0.42,0.58,6,13,1,0.77,14,9,0.79,1,6,5,0.83,1,102,155,6,8,0,0,0,0,0.81,0.73,420,645,27,29,2,5
sale,newcastle,23/24,6,40,22,10,6,4,3.67,5,2,114,107,36,39,334,155,11,2,99,101,13,28,5,4,2,2,4,13,0.52,0.32,0.27,0.25,0.22,0.43,66,71,0,0,6,4,5,1,0,0,13,10,0.17,0.25,0.15,0.44,0.61,0.39,0.04,0.32,0.48,0.16,0.09,0.46,0.27,0.18,0.65,0.35,0.48,0.52,8,3,0.86,0.67,14,15,0.86,0.87,7,5,1,1,121,104,7,10,0,1,0,0,0.88,0.78,546,211,28,13,3,3
newcastle,exeter-chiefs,23/24,7,14,20,5,11,2.8,1.55,6,7,89,130,35,32,201,401,12,14,189,100,25,19,12,4,7,0,3,13,0.23,0.52,0.33,0.27,0.42,0.14,59,103,0,1,2,3,2,1,0,0,9,16,0.23,0.37,0.13,0.28,0.35,0.65,0.16,0.36,0.33,0.15,0.05,0.23,0.44,0.28,0.66,0.34,0.44,0.56,7,10,0.86,0.7,13,15,0.77,0.87,3,6,0.33,0.83,94,137,11,9,0,0,0,0,0.88,0.84,333,581,19,25,3,3
saracens,bristol,23/24,7,39,31,8,9,4.88,3.44,10,5,118,113,33,15,161,271,5,8,103,85,24,13,9,4,5,1,18,11,0.39,0.61,0.43,0.27,0.18,0.13,54,67,0,1,7,4,2,4,0,0,12,21,0.13,0.28,0.27,0.33,0.61,0.39,0.1,0.24,0.37,0.3,0.11,0.44,0.31,0.14,0.55,0.45,0.54,0.46,9,4,0.83,1,18,8,1,1,9,5,1,1,120,155,6,14,0,1,0,0,0.81,0.87,419,246,32,26,4,6
gloucester,leicester,23/24,7,20,38,8,11,2.13,2.91,4,3,91,135,30,36,78,158,4,3,151,106,34,18,5,5,2,2,7,4,0.41,0.43,0.17,0.24,0.36,0.29,73,92,2,4,2,4,2,3,0,0,11,7,0.39,0.2,0.15,0.27,0.41,0.59,0.11,0.44,0.29,0.16,0.07,0.29,0.22,0.42,0.93,0.07,0.45,0.55,5,5,0.8,0.8,9,13,1,0.77,6,7,1,1,118,126,13,13,2,1,0,0,0.82,0.85,200,437,18,34,3,7
northampton,harlequins,23/24,7,36,33,13,9,2.54,3.67,6,7,125,147,20,21,213,207,12,2,189,128,29,26,3,8,2,5,8,11,0.61,0.48,0.14,0.29,0.17,0.17,74,112,1,0,5,5,4,4,0,0,13,11,0.27,0.22,0.2,0.31,0.48,0.52,0.06,0.27,0.41,0.26,0.19,0.16,0.29,0.36,0.06,0.94,0.41,0.59,3,7,1,0.57,16,19,0.94,0.89,6,6,0.87,1,149,157,14,11,0,0,0,0,0.87,0.83,388,364,26,29,5,8
sale,bath,23/24,7,11,9,11,3,0.73,2,5,3,154,88,34,36,292,165,3,10,104,150,16,32,6,7,5,2,6,16,0.53,0.36,0.27,0.44,0.2,0.2,94,74,2,3,1,0,0,0,0,0,15,16,0.08,0.34,0.2,0.39,0.62,0.38,0.05,0.25,0.46,0.24,0.14,0.37,0.4,0.09,0.59,0.41,0.57,0.43,8,6,0.86,1,22,12,0.91,0.83,4,4,1,1,181,120,9,9,0,0,0,0,0.87,0.82,373,289,32,16,10,5
saracens,northampton,23/24,8,12,18,9,7,1.33,2.14,3,8,140,134,38,42,142,128,23,18,141,161,23,25,6,10,2,6,11,9,0.58,0.43,0.24,0.3,0.19,0.27,87,87,0,2,2,2,1,1,0,0,16,13,0.1,0.27,0.28,0.35,0.63,0.37,0.02,0.33,0.36,0.29,0.15,0.46,0.28,0.1,0.4,0.6,0.51,0.49,6,6,1,0.83,16,12,0.81,0.75,3,6,1,1,174,139,10,12,0,0,0,0,0.86,0.87,444,503,25,23,6,3
bath,exeter-chiefs,23/24,8,41,24,11,7,3.73,3.43,12,4,100,101,30,28,390,329,15,14,130,105,20,44,4,4,1,2,5,10,0.43,0.59,0.33,0.21,0.25,0.2,66,80,1,1,6,3,4,3,0,0,15,13,0.16,0.3,0.29,0.25,0.58,0.42,0.08,0.21,0.32,0.38,0.1,0.3,0.39,0.2,0.14,0.86,0.52,0.48,4,8,1,0.88,17,9,0.94,0.89,8,4,0.89,1,126,120,5,13,0,1,0,0,0.87,0.7,455,367,44,20,4,0
harlequins,sale,23/24,8,36,3,7,4,5.14,0.75,5,2,140,101,34,21,263,193,6,5,124,160,26,32,7,5,1,5,6,6,0.31,0.22,0.47,0.41,0.2,0.35,101,81,1,1,5,0,4,0,0,0,13,12,0.19,0.35,0.18,0.29,0.47,0.53,0.06,0.39,0.34,0.21,0.13,0.25,0.41,0.22,0.41,0.59,0.52,0.48,7,3,0.86,1,16,10,0.94,0.9,7,2,1,1,160,104,8,12,0,1,0,0,0.83,0.83,419,246,32,26,4,6
bristol,gloucester,23/24,8,51,26,17,10,3,2.6,8,5,173,88,18,17,294,139,5,15,97,175,22,49,3,7,3,4,11,16,0.37,0.31,0.42,0.33,0.18,0.33,115,51,2,0,7,4,5,3,0,0,12,10,0.19,0.25,0.32,0.24,0.6,0.4,0.13,0.23,0.27,0.37,0.16,0.34,0.28,0.22,0.87,0.13,0.63,0.37,6,5,0.83,0.8,13,12,1,0.83,9,4,1,1,187,113,7,14,0,1,0,0,0.82,0.78,617,331,49,22,6,3
leicester,newcastle,23/24,8,47,3,8,9,5.88,0.33,3,0,99,93,45,34,173,197,10,8,122,107,17,14,8,2,2,1,5,6,0.45,0.46,0.28,0.33,0.27,0.21,66,78,0,1,7,0,6,0,0,0,6,15,0.23,0.38,0.3,0.09,0.38,0.62,0.19,0.3,0.12,0.39,0.2,0.21,0.48,0.29,0.65,0.35,0.51,0.49,8,2,0.83,1,20,17,0.95,0.82,6,3,1,1,95,91,9,13,0,1,0,0,0.88,0.88,259,174,14,17,14,11
bath,harlequins,23/24,9,25,17,12,9,2.08,1.89,6,5,116,118,37,40,174,138,7,2,132,104,30,28,2,5,0,2,9,8,0.34,0.48,0.31,0.26,0.32,0.24,76,92,1,0,4,3,1,1,0,0,13,11,0.18,0.31,0.16,0.35,0.53,0.47,0.1,0.31,0.4,0.18,0.09,0.35,0.36,0.21,0.33,0.67,0.48,0.52,7,6,0.71,1,15,15,0.93,0.8,6,3,0.83,1,120,148,6,10,0,1,0,0,0.81,0.79,546,431,28,30,7,4
exeter-chiefs,leicester,23/24,9,29,10,10,6,2.9,1.67,6,5,116,135,35,35,256,246,20,15,176,134,37,25,4,5,3,3,11,7,0.42,0.39,0.3,0.31,0.24,0.26,86,98,1,0,4,2,2,0,0,0,10,13,0.16,0.31,0.22,0.31,0.52,0.48,0.14,0.17,0.4,0.28,0.13,0.27,0.4,0.2,0.8,0.2,0.46,0.54,7,8,1,0.88,18,16,0.83,0.94,5,3,1,1,114,141,14,10,0,1,0,0,0.83,0.84,399,331,25,37,4,5
gloucester,northampton,23/24,9,29,31,14,9,2.07,3.44,6,6,168,118,28,28,206,189,7,4,130,194,15,19,4,7,2,1,11,9,0.55,0.64,0.28,0.26,0.11,0.08,105,79,1,0,4,5,3,3,0,0,12,14,0.19,0.3,0.18,0.34,0.56,0.44,0.03,0.28,0.45,0.24,0.14,0.22,0.4,0.25,0.89,0.11,0.61,0.39,7,6,0.86,0.5,22,12,0.91,0.83,5,7,1,0.86,266,120,5,14,0,1,0,0,0.9,0.91,461,498,19,15,5,3
newcastle,bristol,23/24,9,13,21,7,11,1.43,1.91,5,7,138,117,29,27,177,299,6,19,113,210,26,21,12,8,8,5,18,6,0.45,0.39,0.3,0.43,0.21,0.11,116,66,2,0,1,3,1,3,0,0,15,19,0.13,0.41,0.19,0.27,0.42,0.58,0.1,0.24,0.38,0.27,0.08,0.17,0.57,0.18,0.59,0.41,0.56,0.44,4,8,1,0.63,17,19,0.82,0.95,2,5,0.5,0.83,166,156,12,13,0,0,0,0,0.81,0.91,328,548,21,26,5,10
sale,saracens,23/24,9,22,20,12,6,1.58,3.33,4,5,97,86,27,25,132,84,5,3,95,96,10,20,5,2,4,0,7,3,0.35,0.43,0.26,0.22,0.34,0.31,70,57,1,2,3,2,2,2,0,0,14,20,0.15,0.35,0.2,0.31,0.52,0.48,0.07,0.37,0.34,0.22,0.09,0.37,0.38,0.16,0.69,0.31,0.55,0.45,15,4,0.6,0.5,19,13,0.74,0.85,5,4,0.8,1,103,109,9,15,0,1,0,0,0.9,0.83,339,289,20,10,6,5
saracens,newcastle,23/24,10,37,19,19,3,1.95,3.33,12,4,204,79,24,26,436,126,11,16,87,244,12,39,4,8,1,3,12,34,0.55,0.61,0.34,0.12,0.05,0.17,126,46,2,4,5,1,2,1,0,0,18,20,0.01,0.29,0.42,0.28,0.72,0.28,0.04,0.21,0.3,0.45,0.27,0.41,0.31,0.01,0.4,0.6,0.67,0.33,10,10,0.8,0.8,11,10,0.82,0.8,7,7,0.86,0.57,261,90,12,16,0,1,1,0,0.88,0.86,677,264,39,12,7,2
harlequins,gloucester,23/24,10,32,26,14,10,2.29,2.6,7,5,151,111,9,34,309,235,6,8,115,130,18,31,6,7,3,4,3,9,0.58,0.49,0.28,0.23,0.09,0.24,85,75,0,0,5,4,2,2,1,0,16,13,0.18,0.29,0.24,0.28,0.53,0.47,0.09,0.18,0.39,0.34,0.14,0.2,0.41,0.25,0.33,0.67,0.51,0.49,5,6,0.8,1,17,16,0.82,0.94,7,5,0.86,0.83,165,170,6,6,1,0,0,0,0.86,0.81,595,358,31,18,6,3
leicester,bath,23/24,10,35,22,10,9,3.5,2.44,6,5,116,106,38,29,203,178,8,11,103,145,23,22,8,6,3,1,7,6,0.43,0.57,0.28,0.13,0.24,0.22,87,64,0,1,5,3,4,2,0,0,16,23,0.2,0.29,0.19,0.32,0.48,0.52,0.06,0.4,0.34,0.2,0.07,0.41,0.31,0.21,0.45,0.55,0.58,0.42,5,5,1,0.8,21,18,0.9,0.83,6,3,1,0.67,147,114,10,11,0,2,0,0,0.82,0.87,431,413,22,23,8,7
northampton,sale,23/24,10,21,17,8,7,2.63,2.43,9,2,158,119,38,42,274,34,27,21,129,178,10,47,2,7,1,5,3,15,0.5,0.38,0.32,0.34,0.14,0.24,108,70,0,0,3,2,2,2,0,1,14,10,0.09,0.38,0.23,0.3,0.55,0.45,0.07,0.32,0.35,0.27,0.09,0.35,0.45,0.11,0.47,0.53,0.53,0.47,3,12,1,0.5,17,14,1,0.86,4,5,0.5,1,178,116,8,14,0,1,0,0,0.93,0.79,462,368,47,10,7,5
bristol,exeter-chiefs,23/24,10,14,24,7,9,2,2.67,3,5,115,115,36,34,223,297,15,12,126,121,22,25,10,2,6,1,8,9,0.24,0.41,0.48,0.32,0.25,0.21,80,67,0,0,2,4,2,2,0,0,16,12,0.28,0.2,0.12,0.4,0.51,0.49,0.14,0.21,0.49,0.15,0.16,0.25,0.24,0.35,0.42,0.58,0.54,0.46,4,6,0.75,1,22,18,1,0.94,3,5,0.67,1,110,89,9,15,0,1,0,0,0.85,0.83,293,460,25,22,13,6
bath,gloucester,23/24,11,17,10,9,5,1.89,1.4,9,4,140,111,34,40,173,218,11,4,108,157,32,34,4,7,2,3,8,8,0.49,0.38,0.26,0.3,0.19,0.3,90,71,0,1,3,1,1,1,0,0,16,9,0.11,0.3,0.21,0.37,0.59,0.41,0.06,0.31,0.4,0.23,0.21,0.35,0.32,0.12,0.15,0.85,0.55,0.45,5,7,0.6,1,20,7,0.8,1,4,3,1,1,131,161,4,16,0,1,0,0,0.77,0.82,650,432,34,32,4,1
leicester,saracens,23/24,11,19,10,12,8,1.58,1.25,5,4,92,113,29,31,72,94,16,12,104,100,28,23,8,5,3,3,14,5,0.49,0.51,0.22,0.3,0.22,0.13,70,70,0,1,3,1,2,1,0,0,17,12,0.14,0.33,0.25,0.29,0.55,0.45,0.12,0.29,0.32,0.27,0.11,0.37,0.36,0.15,0.48,0.52,0.53,0.47,10,7,0.9,0.86,16,16,0.94,0.94,4,3,0.83,1,98,162,6,15,0,1,0,0,0.79,0.81,323,413,23,28,9,1
exeter-chiefs,northampton,23/24,11,36,42,16,7,2.25,6,3,9,135,127,27,37,326,306,11,9,107,175,31,24,2,5,1,0,9,8,0.47,0.47,0.38,0.35,0.1,0.15,96,82,1,0,5,6,4,6,0,0,10,11,0.19,0.2,0.18,0.42,0.64,0.36,0.05,0.15,0.56,0.24,0.15,0.33,0.27,0.25,0.45,0.55,0.53,0.47,8,2,0.88,1,19,15,0.89,1,7,6,0.86,0.83,168,164,11,9,2,0,0,0,0.78,0.88,431,483,24,30,1,5
newcastle,harlequins,23/24,11,3,24,7,9,0,2.67,4,5,122,131,46,52,126,125,1,9,117,136,21,20,4,6,2,4,2,12,0.38,0.39,0.36,0.38,0.22,0.2,94,75,1,0,0,4,0,2,0,0,16,12,0.3,0.2,0.03,0.47,0.49,0.51,0.09,0.32,0.55,0.04,0.18,0.23,0.24,0.35,0.54,0.46,0.55,0.45,2,6,1,1,24,13,0.88,0.92,2,5,1,1,214,131,6,7,1,0,0,0,0.85,0.87,474,551,20,21,6,6
sale,bristol,23/24,11,14,22,12,11,1.17,2,3,6,130,149,38,39,236,282,16,11,145,151,27,24,7,5,1,3,15,3,0.27,0.31,0.39,0.44,0.31,0.21,90,90,0,1,2,3,2,2,0,0,15,12,0.23,0.23,0.27,0.28,0.53,0.47,0.05,0.29,0.33,0.32,0.13,0.32,0.27,0.28,0.39,0.61,0.53,0.47,3,5,0.67,0.8,18,12,0.83,0.92,3,5,0.67,1,123,172,8,15,2,0,0,0,0.84,0.86,349,447,24,27,7,4
gloucester,sale,23/24,12,32,20,9,10,3.22,2,5,5,74,129,34,25,216,279,8,3,128,88,21,10,2,2,0,2,16,8,0.51,0.61,0.17,0.21,0.3,0.12,55,91,2,2,4,2,3,2,0,0,14,15,0.13,0.38,0.21,0.28,0.45,0.55,0.15,0.18,0.38,0.29,0.08,0.23,0.52,0.17,0.67,0.33,0.39,0.61,3,7,1,0.57,11,25,0.91,0.76,6,5,0.83,1,88,226,14,12,1,2,0,0,0.86,0.9,297,434,10,21,8,9
saracens,exeter-chiefs,23/24,12,40,22,9,11,3.78,1.73,3,7,91,125,32,25,248,283,8,12,132,102,21,22,11,4,4,3,5,17,0.44,0.52,0.29,0.22,0.24,0.21,59,82,2,1,5,3,3,2,1,0,14,21,0.17,0.35,0.14,0.34,0.48,0.52,0.11,0.29,0.43,0.17,0.1,0.25,0.44,0.21,0.7,0.3,0.49,0.51,10,10,0.8,0.7,8,10,1,0.9,8,6,0.75,0.86,111,117,9,8,0,0,0,0,0.86,0.82,390,489,22,21,6,1
bristol,bath,23/24,12,57,44,12,10,4.75,3.8,12,4,125,112,15,16,390,335,9,9,164,135,29,38,1,5,1,0,3,18,0.4,0.54,0.37,0.25,0.19,0.17,84,89,1,2,8,6,7,3,0,0,6,6,0.29,0.19,0.28,0.24,0.5,0.5,0.15,0.16,0.31,0.37,0.2,0.16,0.25,0.38,0.59,0.41,0.5,0.5,2,1,1,1,9,15,1,0.87,11,9,0.92,1,155,119,17,9,2,2,0,0,0.85,0.78,578,432,38,9,3,6
northampton,newcastle,23/24,12,38,13,14,12,2.71,1.08,9,4,153,97,27,28,389,252,5,4,110,166,13,23,5,4,1,1,10,19,0.71,0.68,0.17,0.15,0.06,0.08,109,67,0,2,6,1,3,1,0,0,14,11,0.3,0.24,0.18,0.28,0.49,0.51,0.07,0.32,0.37,0.24,0.08,0.22,0.31,0.39,0.9,0.1,0.59,0.41,8,10,1,0.4,19,13,0.89,0.62,8,4,1,0.8,204,127,9,14,0,2,0,0,0.89,0.88,590,380,23,13,11,2
harlequins,leicester,23/24,12,19,20,6,8,3.17,2.13,5,5,119,124,31,47,337,270,17,13,141,138,29,26,5,3,1,2,4,11,0.49,0.46,0.25,0.28,0.23,0.24,86,97,0,2,3,2,2,2,0,0,20,10,0.18,0.41,0.03,0.38,0.39,0.61,0.13,0.39,0.44,0.04,0.04,0.28,0.48,0.21,0.8,0.2,0.45,0.55,7,5,1,0.6,11,16,0.82,1,4,5,1,1,145,159,6,10,0,0,0,0,0.83,0.84,475,342,26,29,4,11
bristol,northampton,23/24,13,52,21,13,7,4,3,7,5,108,82,17,15,223,132,14,9,113,126,11,13,4,3,3,2,4,15,0.44,0.36,0.38,0.4,0.15,0.2,70,64,1,0,7,3,7,3,0,0,4,3,0.22,0.3,0.18,0.3,0.5,0.5,0.13,0.29,0.36,0.22,0.14,0.22,0.37,0.27,0.53,0.47,0.56,0.44,5,13,1,0.62,9,10,0.89,1,8,4,0.89,0.75,155,104,6,15,1,1,0,0,0.91,0.91,672,230,13,11,6,3
saracens,harlequins,23/24,13,52,7,16,6,3.25,1.17,15,2,119,131,30,24,345,198,40,9,156,96,25,43,8,5,5,2,4,25,0.42,0.51,0.31,0.32,0.2,0.11,66,103,0,0,8,1,6,1,0,0,16,19,0.08,0.39,0.26,0.28,0.52,0.48,0.11,0.26,0.33,0.31,0.04,0.41,0.46,0.09,0.34,0.66,0.48,0.52,5,4,1,1,12,15,0.83,0.93,9,2,1,1,161,198,10,9,1,2,0,0,0.86,0.69,763,504,43,25,10,6
exeter-chiefs,newcastle,23/24,13,25,16,9,5,2.78,2.6,2,3,108,90,23,28,155,166,23,5,136,157,18,12,2,4,2,1,5,6,0.42,0.18,0.26,0.31,0.25,0.49,87,77,1,3,4,1,1,1,0,0,5,9,0.05,0.25,0.33,0.36,0.7,0.3,0.04,0.19,0.4,0.36,0.17,0.5,0.28,0.06,0.11,0.89,0.47,0.53,8,4,0.63,0.75,18,10,0.83,1,6,5,1,1,139,98,12,17,0,2,0,0,0.88,0.93,242,292,12,18,6,7
leicester,gloucester,23/24,13,25,27,8,8,3.13,3.38,5,5,121,127,47,49,326,305,15,12,131,132,39,30,1,4,1,1,12,9,0.46,0.35,0.2,0.33,0.33,0.3,97,93,1,2,4,3,1,3,0,0,10,13,0.12,0.41,0.11,0.36,0.47,0.53,0.12,0.36,0.4,0.12,0.07,0.35,0.45,0.13,0.17,0.83,0.52,0.48,1,3,1,1,13,15,1,0.87,5,6,1,1,156,156,6,6,0,0,0,0,0.77,0.81,485,432,29,39,7,2
bath,sale,23/24,13,42,24,14,7,3,3,9,6,140,83,23,26,383,244,10,20,96,146,24,28,4,2,1,1,4,24,0.61,0.49,0.19,0.28,0.15,0.18,105,65,2,1,5,3,4,3,1,0,10,12,0.14,0.3,0.19,0.37,0.58,0.42,0.04,0.28,0.45,0.23,0.06,0.41,0.36,0.17,0.89,0.11,0.58,0.42,3,4,1,0.75,15,8,0.87,0.75,10,5,0.8,1,161,104,6,11,1,0,0,0,0.8,0.84,476,402,28,24,9,4
newcastle,leicester,23/24,14,13,19,10,7,1,2.71,3,6,127,89,36,28,276,259,6,8,120,150,27,21,5,6,2,2,5,7,0.29,0.47,0.43,0.25,0.24,0.25,109,73,2,0,1,3,1,2,0,0,8,13,0.16,0.32,0.23,0.29,0.56,0.44,0.11,0.21,0.38,0.3,0.11,0.27,0.41,0.21,0.95,0.05,0.58,0.42,21,5,0.67,0.6,21,19,0.76,0.84,5,4,1,1,170,106,8,23,0,3,0,0,0.82,0.88,321,356,21,27,5,7
sale,exeter-chiefs,23/24,14,41,5,13,6,3.15,0.83,12,6,92,124,31,20,223,233,12,3,139,106,28,38,5,4,2,3,23,14,0.51,0.58,0.24,0.24,0.2,0.11,60,92,1,0,6,1,4,0,0,0,15,16,0.15,0.36,0.27,0.21,0.49,0.51,0.03,0.39,0.25,0.32,0.04,0.35,0.42,0.18,0.24,0.76,0.46,0.54,7,7,0.86,0.86,13,15,0.92,0.87,8,2,0.78,1,123,176,9,13,0,1,0,0,0.83,0.74,442,374,38,28,5,2
harlequins,bath,23/24,14,40,36,9,10,4.44,3.6,8,6,114,172,32,26,152,195,10,7,168,107,35,15,10,2,6,1,21,9,0.46,0.5,0.24,0.31,0.26,0.14,80,112,0,1,6,5,5,4,0,0,9,19,0.2,0.33,0.13,0.34,0.45,0.55,0.1,0.33,0.41,0.15,0.06,0.29,0.4,0.24,0.43,0.57,0.45,0.55,3,1,0.67,1,12,15,0.92,0.93,6,7,1,1,132,212,13,7,2,0,0,0,0.83,0.88,481,634,15,35,5,5
gloucester,bristol,23/24,14,24,33,9,10,2.33,3.3,6,13,74,165,23,16,198,548,8,18,206,90,60,15,8,6,3,2,29,12,0.57,0.62,0.22,0.23,0.15,0.06,57,104,1,0,3,5,3,4,0,0,16,20,0.13,0.35,0.09,0.42,0.49,0.51,0.14,0.34,0.42,0.09,0.08,0.43,0.35,0.13,0.49,0.51,0.38,0.62,5,7,1,0.86,12,13,0.83,0.92,6,6,1,1,126,246,8,10,0,0,0,0,0.77,0.86,371,902,15,60,0,5
northampton,saracens,23/24,14,41,30,6,13,6.33,2.08,8,8,122,164,37,35,271,299,7,14,197,153,22,32,4,3,4,2,17,12,0.4,0.56,0.35,0.32,0.24,0.09,94,117,2,2,5,4,5,2,0,0,14,14,0.29,0.33,0.13,0.25,0.36,0.64,0.18,0.37,0.3,0.15,0.04,0.21,0.4,0.35,0.16,0.84,0.46,0.54,5,7,1,0.71,12,10,1,0.8,9,6,0.89,1,159,209,8,8,1,1,0,0,0.9,0.83,530,492,32,22,2,5
bristol,newcastle,23/24,15,85,14,18,3,4.72,4.67,27,2,180,58,4,13,538,127,3,10,81,178,9,55,6,4,3,2,2,41,0.52,0.22,0.34,0.39,0.12,0.37,104,47,0,0,13,2,10,2,0,0,21,13,0.13,0.36,0.28,0.24,0.59,0.41,0.12,0.25,0.29,0.33,0.13,0.29,0.43,0.15,0.83,0.17,0.65,0.35,4,10,0.75,0.5,9,7,1,1,12,4,0.92,1,305,67,3,9,0,0,0,0,0.9,0.76,1208,244,55,9,2,3
sale,harlequins,23/24,15,37,31,13,11,2.85,2.82,10,7,110,180,26,29,312,456,19,1,216,119,35,34,7,6,2,2,17,12,0.39,0.5,0.28,0.3,0.29,0.15,79,137,2,0,5,5,3,3,0,0,16,16,0.2,0.2,0.25,0.35,0.55,0.45,0.14,0.22,0.38,0.27,0.09,0.47,0.22,0.22,0.12,0.88,0.41,0.59,7,3,0.57,1,12,21,0.83,0.95,8,6,0.75,1,130,217,12,5,1,0,0,0,0.86,0.78,532,518,34,35,2,8
exeter-chiefs,bath,23/24,15,14,26,8,10,1.75,2.6,3,3,115,95,16,28,286,185,13,12,125,151,17,15,2,5,1,2,4,10,0.29,0.27,0.45,0.34,0.21,0.36,87,80,0,0,2,4,2,3,0,0,15,13,0.18,0.35,0.28,0.19,0.48,0.52,0.07,0.36,0.23,0.34,0.08,0.27,0.43,0.22,0.31,0.69,0.48,0.52,4,11,1,1,15,14,0.87,0.93,3,4,1,1,138,108,13,12,0,0,0,0,0.88,0.91,392,245,15,17,4,6
northampton,leicester,23/24,15,40,17,11,10,3.36,1.4,11,6,154,122,31,26,398,214,14,14,118,181,21,30,8,3,4,0,13,29,0.48,0.56,0.28,0.17,0.19,0.18,111,77,2,1,5,2,2,2,1,0,14,16,0.19,0.36,0.16,0.3,0.45,0.55,0.08,0.35,0.38,0.2,0.05,0.24,0.46,0.24,0.38,0.62,0.56,0.44,3,5,1,0.6,14,13,0.79,0.92,10,4,1,0.75,169,134,11,17,2,2,0,1,0.85,0.86,675,464,30,21,5,7
saracens,gloucester,23/24,15,46,24,14,13,3.29,1.85,18,11,162,105,37,28,297,190,12,12,108,206,28,29,11,9,4,4,16,20,0.55,0.38,0.25,0.32,0.15,0.21,114,63,1,0,7,4,4,2,0,0,14,18,0.23,0.23,0.22,0.31,0.52,0.48,0.12,0.33,0.32,0.23,0.12,0.4,0.24,0.24,0.26,0.74,0.6,0.4,7,5,1,0.8,12,12,0.92,0.67,10,4,1,1,239,139,10,11,0,1,0,0,0.79,0.88,712,451,29,28,4,2
gloucester,exeter-chiefs,23/24,16,17,38,11,14,1.55,2.5,11,9,110,129,21,31,311,265,11,19,163,151,26,39,8,9,3,4,14,12,0.5,0.58,0.29,0.23,0.17,0.14,80,86,0,1,3,5,1,5,0,0,20,22,0.25,0.28,0.17,0.29,0.46,0.54,0.1,0.33,0.36,0.21,0.09,0.25,0.35,0.31,0.69,0.31,0.51,0.49,8,10,0.88,1,11,12,0.82,0.83,3,7,1,0.78,139,139,9,8,0,0,0,0,0.86,0.79,465,643,39,26,6,3
newcastle,sale,23/24,16,14,35,7,9,2,3.89,3,5,110,97,20,22,184,216,10,10,111,184,21,16,6,5,2,3,10,7,0.26,0.49,0.31,0.31,0.41,0.16,90,65,0,0,2,5,2,5,0,0,12,7,0.22,0.28,0.34,0.16,0.53,0.47,0.08,0.24,0.22,0.47,0.07,0.23,0.38,0.31,0.52,0.48,0.56,0.44,7,7,0.71,0.57,17,14,0.94,0.86,3,6,1,1,106,132,8,11,0,1,0,0,0.84,0.92,225,286,16,21,8,6
harlequins,northampton,23/24,16,41,32,9,12,4.56,2.42,10,11,157,101,32,18,423,358,9,24,125,214,21,22,4,1,1,0,14,14,0.48,0.46,0.32,0.36,0.17,0.14,121,73,1,2,6,4,4,3,0,0,6,17,0.16,0.37,0.2,0.27,0.45,0.55,0.12,0.26,0.35,0.27,0.07,0.24,0.49,0.21,0.64,0.36,0.59,0.41,6,1,0.83,1,12,14,1,0.93,9,7,0.89,0.86,213,165,9,7,3,0,0,0,0.86,0.91,550,479,22,21,5,5
leicester,bristol,23/24,16,19,21,12,4,1.58,5.25,4,6,123,156,23,13,111,240,9,7,146,163,36,18,4,4,4,2,25,8,0.51,0.51,0.23,0.27,0.22,0.19,96,102,0,0,3,3,2,3,0,0,15,21,0.2,0.15,0.33,0.33,0.63,0.37,0.08,0.1,0.41,0.41,0.21,0.35,0.19,0.25,0.16,0.84,0.49,0.51,14,4,0.86,1,17,11,0.94,0.91,4,3,0.75,1,156,183,9,9,1,1,1,0,0.8,0.9,262,450,18,36,5,3
bath,saracens,23/24,16,12,15,7,7,1.71,2.14,2,8,140,109,42,48,183,233,14,21,122,200,22,27,4,3,2,2,7,8,0.5,0.38,0.19,0.23,0.29,0.36,116,82,0,1,2,2,1,1,0,0,18,15,0.19,0.22,0.16,0.43,0.56,0.44,0.08,0.39,0.38,0.14,0.13,0.51,0.19,0.17,0.23,0.77,0.54,0.46,5,7,0.6,1,17,11,0.76,0.73,3,3,1,0.75,145,111,2,9,0,1,0,0,0.85,0.88,337,373,27,22,4,5
sale,leicester,23/24,17,31,22,13,4,2.38,4.75,11,7,124,101,26,29,160,134,11,4,120,130,27,22,4,10,1,5,13,13,0.52,0.37,0.23,0.3,0.18,0.28,81,80,1,1,4,3,4,2,0,0,17,15,0.12,0.28,0.18,0.42,0.59,0.41,0.07,0.35,0.41,0.17,0.14,0.48,0.27,0.12,0.55,0.45,0.51,0.49,5,7,1,1,13,11,1,0.82,6,5,1,0.8,165,135,8,12,0,2,0,0,0.82,0.86,514,396,22,27,3,0
exeter-chiefs,harlequins,23/24,17,58,26,14,5,3.71,5.2,11,6,130,80,25,23,316,214,6,1,97,133,33,32,4,4,3,1,9,8,0.57,0.52,0.21,0.26,0.14,0.19,93,59,3,0,7,4,7,3,0,0,9,12,0.2,0.19,0.29,0.31,0.6,0.4,0.04,0.3,0.34,0.32,0.18,0.39,0.21,0.22,0.63,0.37,0.59,0.41,11,4,0.73,0.75,15,9,0.93,0.89,10,5,0.83,1,156,90,7,8,1,0,0,0,0.75,0.81,563,282,32,33,5,3
bristol,saracens,23/24,17,20,41,9,6,1.56,5.33,6,5,137,106,11,28,252,214,10,11,98,187,27,31,1,11,0,7,14,24,0.52,0.53,0.25,0.27,0.15,0.16,100,70,2,5,2,4,2,3,0,0,15,8,0.25,0.27,0.22,0.26,0.54,0.46,0.14,0.32,0.3,0.25,0.17,0.24,0.31,0.29,0.7,0.3,0.58,0.42,5,3,0.8,0.67,20,9,0.8,1,5,10,1,1,202,127,8,18,1,2,0,0,0.78,0.86,412,374,31,27,7,4
northampton,gloucester,23/24,17,90,0,20,3,4.5,0,20,2,184,67,24,21,447,94,16,8,92,148,5,35,8,4,3,2,9,31,0.61,0.4,0.23,0.3,0.09,0.24,97,52,0,0,14,0,10,0,0,0,13,15,0.14,0.29,0.2,0.38,0.63,0.37,0.07,0.28,0.42,0.22,0.15,0.39,0.32,0.15,0.59,0.41,0.62,0.38,3,10,1,0.5,12,10,0.92,0.8,15,2,0.93,1,238,87,6,11,0,1,0,0,0.95,0.81,1125,155,35,5,5,3
newcastle,bath,23/24,17,17,28,13,8,1.31,3.5,5,6,120,96,15,18,291,87,11,9,104,153,7,29,6,7,4,5,14,7,0.55,0.47,0.27,0.23,0.12,0.25,86,64,0,0,3,4,1,4,0,0,13,18,0.28,0.18,0.3,0.24,0.55,0.45,0.04,0.2,0.34,0.42,0.12,0.23,0.25,0.4,0.27,0.73,0.55,0.45,9,4,0.78,0.75,20,14,0.85,0.93,3,5,1,0.8,152,110,11,18,1,0,0,0,0.94,0.84,357,323,29,7,8,5
bath,northampton,23/24,18,43,17,10,7,4.3,1.71,5,4,70,116,24,16,217,392,20,8,161,89,22,11,6,6,2,3,10,6,0.45,0.34,0.29,0.49,0.21,0.11,50,92,1,0,6,2,5,1,0,0,10,16,0.24,0.29,0.13,0.34,0.46,0.54,0.08,0.34,0.42,0.16,0.03,0.31,0.36,0.3,0.47,0.53,0.44,0.56,10,5,0.5,0.6,12,20,0.83,0.9,8,2,0.87,1,107,182,16,9,1,0,0,0,0.88,0.89,369,370,11,22,4,6
gloucester,newcastle,23/24,18,54,14,13,8,4.15,1.75,9,4,93,128,29,17,344,283,11,7,176,85,23,27,6,3,4,1,6,17,0.34,0.57,0.25,0.3,0.38,0.07,59,106,0,0,8,2,7,2,0,0,8,11,0.25,0.31,0.29,0.16,0.42,0.58,0.14,0.3,0.2,0.36,0.04,0.27,0.39,0.31,0.6,0.4,0.45,0.55,7,5,0.71,1,13,20,1,0.75,8,3,1,1,114,174,14,9,0,1,0,0,0.88,0.76,512,348,27,23,5,5
harlequins,bristol,23/24,18,28,53,15,9,2.47,2.44,13,8,123,130,28,20,363,336,5,10,155,125,33,31,9,8,3,4,9,17,0.38,0.42,0.25,0.38,0.32,0.15,78,101,4,1,4,3,4,2,0,0,20,21,0.24,0.24,0.19,0.34,0.52,0.48,0.05,0.31,0.41,0.23,0.13,0.3,0.29,0.29,0.6,0.4,0.52,0.48,6,6,1,1,12,10,0.92,0.7,8,5,0.89,0.8,147,150,8,15,0,3,1,0,0.82,0.8,282,878,24,40,4,4
leicester,exeter-chiefs,23/24,18,40,22,9,12,3.11,3.92,6,15,90,155,18,5,237,351,7,5,129,114,40,24,9,7,2,4,28,8,0.6,0.59,0.19,0.23,0.15,0.05,66,78,0,2,4,7,4,6,0,0,12,17,0.19,0.34,0.3,0.18,0.45,0.55,0.13,0.27,0.22,0.37,0.06,0.29,0.42,0.24,0.7,0.3,0.44,0.56,4,6,0.75,0.83,16,16,0.94,1,5,10,1,0.91,117,212,11,12,0,0,0,0,0.76,0.83,589,428,31,33,4,1
saracens,sale,23/24,18,10,20,5,11,1.4,1.27,8,6,139,119,22,33,219,242,21,11,141,167,25,20,6,7,4,4,6,21,0.56,0.45,0.26,0.26,0.14,0.29,105,95,1,2,1,2,1,2,0,0,17,15,0.19,0.33,0.06,0.42,0.47,0.53,0.06,0.35,0.52,0.07,0.15,0.22,0.41,0.23,0.33,0.67,0.48,0.52,11,8,0.55,0.88,11,10,0.82,0.8,3,6,1,0.86,176,142,9,4,0,0,0,0,0.85,0.89,388,425,20,25,2,2
bath,sale,23/24,SF,31,23,6,8,3.67,2.13,2,6,88,87,36,20,136,190,9,13,104,109,22,21,2,1,2,1,12,12,0.34,0.48,0.22,0.23,0.41,0.25,70,62,4,2,3,3,2,1,0,0,10,16,0.14,0.44,0.1,0.31,0.42,0.58,0.14,0.38,0.37,0.12,0.05,0.26,0.52,0.17,0.54,0.46,0.56,0.44,7,6,0.71,0.67,10,8,1,0.88,9,6,0.9,0.67,101,120,6,12,0,0,0,0,0.83,0.84,196,364,21,22,3,3
northampton,saracens,23/24,SF,22,20,6,6,1.67,2.83,7,3,113,114,28,25,317,236,9,12,122,141,14,28,5,11,2,6,16,12,0.49,0.69,0.29,0.16,0.16,0.07,86,72,5,2,1,2,1,2,0,0,11,19,0.13,0.34,0.09,0.44,0.53,0.47,0.04,0.38,0.48,0.1,0.06,0.42,0.37,0.14,0.49,0.51,0.54,0.46,10,6,0.9,0.83,14,14,0.93,0.86,8,5,1,1,145,170,12,13,0,0,0,0,0.9,0.83,333,311,28,14,5,8
northampton,bath,23/24,F,25,21,9,10,2.44,1.5,5,4,120,86,14,19,271,118,11,15,101,134,11,32,6,5,4,1,10,4,0.39,0.42,0.42,0.28,0.12,0.26,84,59,1,3,3,2,2,1,1,0,14,15,0.19,0.3,0.17,0.33,0.46,0.54,0.14,0.14,0.47,0.24,0.12,0.18,0.43,0.27,0.2,0.8,0.54,0.46,9,11,0.67,0.36,16,11,0.94,0.91,6,7,0.83,0.86,150,103,13,10,0,0,0,1,0.9,0.81,376,221,32,11,4,4
gloucester,saracens,24/25,1,26,35,9,11,2.89,2.91,8,8,141,127,16,26,373,305,11,19,165,171,20,13,5,7,2,3,5,18,0.59,0.43,0.26,0.39,0.15,0.18,106,103,0,2,4,5,3,2,0,0,14,12,0.18,0.36,0.17,0.29,0.49,0.51,0.15,0.22,0.4,0.23,0.05,0.22,0.49,0.24,0.64,0.36,0.46,0.54,3,6,1,1,12,15,0.75,1,4,9,1,0.9,167,145,11,9,0,0,0,0,0.89,0.93,464,393,13,20,1,9
sale,harlequins,24/25,1,12,11,7,6,0.86,1.33,1,4,83,77,29,30,171,185,10,10,114,128,19,11,4,7,4,3,2,2,0.41,0.48,0.3,0.32,0.29,0.2,72,67,4,2,0,1,0,0,0,0,12,14,0.19,0.27,0.12,0.42,0.58,0.42,0.06,0.23,0.56,0.16,0.12,0.27,0.36,0.25,0.55,0.45,0.54,0.46,9,8,1,0.75,17,15,1,0.93,4,4,1,0.8,118,89,13,10,0,0,0,0,0.86,0.92,232,192,11,19,10,7
exeter-chiefs,leicester,24/25,1,14,17,7,6,2,2.83,8,2,160,91,14,22,320,198,10,17,124,185,24,25,4,9,1,4,10,14,0.53,0.48,0.32,0.26,0.15,0.26,113,73,0,0,2,2,2,2,0,1,14,15,0.15,0.33,0.19,0.34,0.55,0.45,0.03,0.33,0.41,0.23,0.1,0.32,0.4,0.18,0.25,0.75,0.53,0.47,12,8,0.91,1,10,18,0.9,0.94,3,2,0.33,0.67,196,108,15,13,1,1,0,1,0.84,0.88,507,237,25,24,2,10
bath,northampton,24/25,1,38,16,9,7,3.89,1.43,5,5,97,106,32,33,226,330,10,10,116,93,29,17,6,5,2,4,11,12,0.37,0.57,0.33,0.32,0.3,0.1,64,80,1,3,5,1,5,1,0,0,17,11,0.06,0.42,0.2,0.32,0.53,0.47,0.06,0.38,0.35,0.22,0.05,0.44,0.45,0.06,0.98,0.02,0.49,0.51,6,5,0.8,1,13,9,1,1,9,6,1,0.71,102,135,8,14,0,1,0,0,0.8,0.85,400,284,17,29,7,4
newcastle,bristol,24/25,1,3,24,9,9,0.33,2.67,2,7,55,156,12,13,109,304,4,1,174,75,26,7,8,7,2,5,25,9,0.5,0.69,0.26,0.23,0.24,0.07,39,100,1,0,0,4,0,2,0,0,17,12,0.22,0.27,0.2,0.31,0.46,0.54,0.05,0.3,0.39,0.26,0.09,0.28,0.34,0.28,0.38,0.62,0.37,0.63,10,13,0.88,1,20,11,0.7,0.91,1,5,1,0.8,87,226,7,16,0,0,0,0,0.87,0.91,161,588,7,26,6,2
northampton,exeter-chiefs,24/25,2,30,24,8,13,3,1.62,8,8,93,136,43,30,179,321,6,2,185,111,18,20,9,6,5,5,14,11,0.3,0.35,0.46,0.52,0.24,0.13,65,102,2,1,3,3,3,3,1,0,14,11,0.3,0.26,0.09,0.35,0.39,0.61,0.08,0.3,0.49,0.12,0.04,0.16,0.37,0.43,0.25,0.75,0.43,0.57,1,10,1,0.63,13,19,0.92,0.95,8,5,1,0.8,139,168,10,13,1,0,0,0,0.91,0.85,345,518,20,18,1,5
saracens,sale,24/25,2,45,26,8,8,4.13,2.88,9,6,103,119,31,24,227,309,10,15,122,127,31,34,4,2,2,1,19,14,0.46,0.54,0.24,0.31,0.3,0.15,80,85,7,3,4,3,2,1,0,0,10,13,0.1,0.41,0.25,0.24,0.49,0.51,0.07,0.27,0.32,0.34,0.03,0.27,0.55,0.14,0.59,0.41,0.5,0.5,10,3,0.89,0.67,8,11,1,0.91,12,7,0.83,0.89,106,146,9,15,0,1,0,1,0.8,0.79,386,320,34,31,5,6
bristol,gloucester,24/25,2,41,44,14,9,2.93,4.56,10,8,140,94,8,17,231,180,2,7,98,160,16,32,1,4,0,3,12,27,0.6,0.56,0.32,0.34,0.08,0.1,3,72,1,3,6,5,4,5,0,0,17,11,0.22,0.2,0.29,0.3,0.62,0.38,0.04,0.23,0.37,0.36,0.21,0.28,0.25,0.27,0.3,0.7,0.6,0.4,6,9,0.83,0.67,13,8,1,0.75,7,9,0.86,0.78,190,143,9,13,2,1,0,0,0.86,0.83,487,392,32,16,8,0
harlequins,newcastle,24/25,2,28,14,11,4,2.55,3.5,9,4,148,103,28,25,435,270,9,9,119,146,15,33,5,5,1,4,10,15,0.63,0.5,0.26,0.31,0.1,0.19,91,71,0,0,4,2,4,2,0,0,20,11,0.13,0.28,0.15,0.44,0.65,0.35,0.03,0.23,0.55,0.19,0.14,0.35,0.35,0.16,0.57,0.43,0.54,0.46,5,9,0.8,0.89,17,14,0.94,0.93,5,3,1,1,208,156,9,9,0,1,0,0,0.89,0.82,629,378,33,15,4,1
leicester,bath,24/25,2,15,20,8,14,1.5,1.21,8,9,83,119,17,28,247,338,8,4,150,103,26,22,7,10,6,5,14,4,0.53,0.61,0.33,0.24,0.14,0.15,55,89,1,1,2,3,1,1,0,0,22,14,0.27,0.29,0.21,0.23,0.44,0.56,0.13,0.26,0.32,0.29,0.07,0.15,0.41,0.37,0.64,0.36,0.43,0.57,7,9,0.83,0.75,18,11,0.83,0.91,4,1,0.6,1,101,137,9,10,1,0,0,0,0.85,0.82,430,499,22,26,7,0
saracens,exeter-chiefs,24/25,3,29,14,8,6,3.63,2.33,5,5,97,105,39,41,297,205,11,23,132,130,11,21,5,6,2,4,6,9,0.42,0.36,0.28,0.4,0.3,0.24,73,87,0,0,5,2,2,2,0,0,15,12,0.1,0.39,0.12,0.39,0.48,0.52,0.08,0.46,0.36,0.11,0.07,0.48,0.36,0.09,0.37,0.63,0.51,0.49,9,13,1,1,9,16,0.89,0.75,6,3,0.83,1,117,115,4,6,0,1,0,0,0.92,0.86,352,258,21,11,2,1
newcastle,leicester,24/25,3,10,42,6,11,1.67,3.82,6,9,117,121,14,20,218,339,6,12,158,134,31,12,3,8,2,5,7,21,0.66,0.62,0.25,0.29,0.08,0.09,78,97,1,1,1,7,1,2,0,0,17,10,0.28,0.23,0.16,0.33,0.47,0.53,0.06,0.28,0.45,0.21,0.02,0.29,0.31,0.38,0.58,0.42,0.46,0.54,6,6,0.8,0.6,12,13,0.83,0.85,4,9,1,1,169,148,14,14,1,2,0,0,0.84,0.92,335,415,12,31,1,6
bath,bristol,24/25,3,26,36,11,9,2.36,3.67,5,6,113,81,12,9,295,258,7,15,90,169,29,32,4,5,1,3,11,8,0.55,0.42,0.27,0.46,0.17,0.12,97,53,0,1,4,5,3,4,0,0,12,13,0.17,0.22,0.31,0.3,0.62,0.38,0.09,0.2,0.35,0.37,0.16,0.38,0.26,0.2,0.96,0.04,0.59,0.41,6,6,1,0.83,16,12,0.81,0.75,5,7,1,1,144,114,9,14,1,1,0,0,0.76,0.84,398,432,32,29,8,7
northampton,harlequins,24/25,3,33,29,10,13,3.3,2,4,7,126,96,19,24,204,179,6,6,143,165,20,28,4,4,1,1,3,11,0.55,0.5,0.34,0.4,0.11,0.1,97,81,0,1,5,4,3,3,0,0,8,12,0.18,0.27,0.27,0.29,0.54,0.46,0.04,0.16,0.41,0.38,0.06,0.32,0.38,0.25,0.63,0.37,0.52,0.48,7,6,0.86,0.8,14,13,0.79,0.92,6,6,0.87,0.67,162,153,11,9,0,1,0,0,0.88,0.85,430,240,28,20,3,6
sale,gloucester,24/25,3,31,27,8,5,3.88,4.8,7,10,89,188,30,30,200,504,23,8,219,86,30,13,8,4,4,3,19,9,0.39,0.6,0.32,0.25,0.29,0.15,61,156,0,1,5,4,3,2,0,0,14,15,0.03,0.39,0.19,0.4,0.56,0.44,0.05,0.23,0.49,0.23,0.16,0.33,0.48,0.04,0.25,0.75,0.37,0.63,3,5,0.67,0.8,12,11,1,1,6,6,0.67,1,119,306,4,4,1,0,0,0,0.88,0.87,305,629,13,30,8,1
harlequins,saracens,24/25,4,17,10,6,8,2.83,0.88,3,3,104,175,32,29,282,459,19,6,228,139,23,20,7,7,2,3,18,4,0.52,0.6,0.16,0.28,0.32,0.12,87,138,1,1,2,1,2,1,0,0,10,16,0.27,0.37,0.08,0.28,0.33,0.67,0.16,0.39,0.34,0.1,0.01,0.24,0.44,0.32,0.47,0.53,0.41,0.59,9,4,1,1,12,17,1,0.94,4,4,1,1,109,249,10,9,1,0,0,0,0.91,0.87,32,413,20,23,3,4
leicester,northampton,24/25,4,24,8,8,14,3,0.36,5,1,94,117,17,18,194,258,12,11,152,152,18,11,7,4,4,1,4,3,0.59,0.58,0.25,0.32,0.15,0.1,84,97,1,1,3,1,3,0,0,0,12,18,0.18,0.37,0.26,0.19,0.41,0.59,0.13,0.19,0.29,0.39,0.09,0.08,0.55,0.27,0.22,0.78,0.46,0.54,11,8,0.8,1,13,17,0.77,0.88,5,2,0.6,1,121,162,15,12,2,2,0,0,0.89,0.93,262,394,11,18,3,5
gloucester,bath,24/25,4,31,55,10,13,2.8,4.23,9,7,106,138,13,24,305,333,3,7,188,120,24,29,5,7,1,2,11,16,0.62,0.51,0.29,0.31,0.1,0.18,79,111,1,1,4,8,4,5,0,0,13,10,0.28,0.25,0.19,0.28,0.47,0.53,0.08,0.31,0.37,0.25,0.06,0.23,0.33,0.37,0.36,0.64,0.46,0.54,3,3,1,1,12,9,0.58,1,5,10,1,0.9,179,138,11,11,1,1,0,0,0.89,0.81,454,489,29,24,3,2
exeter-chiefs,bristol,24/25,4,35,40,12,7,2.17,5.71,10,12,137,117,17,14,275,315,16,12,129,168,36,25,4,4,3,2,15,13,0.6,0.48,0.29,0.29,0.11,0.23,104,83,3,0,4,6,3,5,0,0,8,15,0.11,0.17,0.2,0.53,0.74,0.26,0.05,0.12,0.6,0.23,0.25,0.44,0.19,0.12,0.46,0.54,0.55,0.45,8,4,0.86,1,14,7,0.93,0.86,7,7,1,0.86,183,157,6,11,1,1,0,0,0.78,0.87,418,583,25,36,6,1
sale,newcastle,24/25,4,43,10,11,8,3.64,1.25,11,2,125,116,42,29,260,162,13,2,164,156,13,23,5,3,2,3,8,14,0.52,0.4,0.24,0.32,0.24,0.28,98,99,1,1,6,1,4,1,0,0,13,17,0.23,0.24,0.25,0.27,0.55,0.45,0.09,0.24,0.35,0.32,0.11,0.28,0.31,0.3,0.24,0.76,0.51,0.49,7,2,0.8,1,16,11,0.81,0.82,8,3,1,1,158,128,7,10,1,1,0,0,0.93,0.87,456,220,23,13,8,2
leicester,gloucester,24/25,5,29,26,7,8,4.14,3.25,6,5,142,95,32,23,261,196,5,24,107,187,17,35,4,3,4,1,6,8,0.64,0.6,0.22,0.22,0.14,0.18,116,70,1,0,4,4,3,3,0,0,12,18,0.17,0.28,0.18,0.37,0.56,0.44,0.08,0.18,0.5,0.24,0.09,0.32,0.37,0.23,0.35,0.65,0.6,0.4,4,8,0.75,1,18,15,1,0.73,6,5,1,0.67,185,138,7,12,0,0,0,0,0.86,0.84,443,375,35,17,7,2
harlequins,bath,24/25,5,24,26,10,7,2.4,3.71,12,6,108,101,28,27,244,212,19,15,143,117,22,23,2,7,1,5,7,9,0.61,0.37,0.22,0.26,0.17,0.37,80,83,1,0,3,4,3,3,0,0,14,12,0.25,0.24,0.16,0.35,0.52,0.48,0.05,0.3,0.45,0.2,0.08,0.3,0.3,0.32,0.23,0.77,0.48,0.52,11,7,0.78,1,9,14,0.89,0.79,5,5,1,1,139,126,9,6,0,2,0,0,0.87,0.84,419,297,23,22,2,2
bristol,saracens,24/25,5,35,37,15,9,2.13,3.78,16,6,160,101,10,21,498,363,8,8,140,155,29,48,4,10,3,5,7,22,0.34,0.45,0.52,0.38,0.14,0.18,99,79,2,3,5,4,2,4,0,0,20,15,0.22,0.26,0.21,0.32,0.55,0.45,0.11,0.28,0.37,0.24,0.12,0.32,0.3,0.25,0.49,0.51,0.55,0.45,7,4,0.86,1,15,11,0.93,1,8,7,0.75,1,210,131,8,8,1,1,0,0,0.83,0.76,774,518,48,29,3,3
newcastle,exeter-chiefs,24/25,5,24,18,10,5,2.4,2.4,2,3,117,76,24,27,206,182,6,5,97,207,18,16,11,7,6,4,2,3,0.36,0.57,0.38,0.14,0.25,0.29,99,57,0,2,3,2,3,1,1,0,17,19,0.1,0.31,0.25,0.33,0.63,0.37,0.05,0.21,0.42,0.32,0.14,0.33,0.39,0.13,0.44,0.56,0.59,0.41,4,9,1,0.71,18,8,0.67,1,5,6,0.6,1,102,92,6,14,0,1,0,0,0.84,0.93,233,253,16,18,9,1
northampton,sale,24/25,5,29,26,9,8,5.22,1.75,11,3,81,106,29,26,174,142,14,10,132,80,16,16,4,8,2,5,10,14,0.63,0.57,0.26,0.25,0.12,0.18,47,83,0,1,7,2,6,2,0,0,22,15,0.24,0.26,0.19,0.31,0.47,0.53,0.05,0.31,0.39,0.24,0.1,0.27,0.32,0.3,0.44,0.56,0.4,0.6,6,11,1,0.9,16,18,0.81,0.94,8,4,0.75,1,106,129,11,8,0,1,0,0,0.89,0.83,385,261,16,16,5,10
exeter-chiefs,harlequins,24/25,6,19,36,5,12,3.8,3,4,14,151,106,12,22,321,380,4,5,133,200,37,30,7,9,5,4,7,11,0.69,0.58,0.23,0.24,0.08,0.18,116,69,0,1,3,5,2,4,0,0,17,14,0.23,0.27,0.1,0.41,0.53,0.47,0.05,0.28,0.55,0.13,0.07,0.27,0.36,0.31,0.58,0.42,0.56,0.44,7,7,1,1,14,13,0.86,1,4,7,1,0.75,217,147,11,5,0,0,0,0,0.78,0.87,477,474,30,37,1,5
saracens,leicester,24/25,6,29,32,8,12,3.25,2.17,7,6,108,102,26,27,177,178,7,10,140,153,27,25,3,5,1,3,7,11,0.56,0.66,0.28,0.21,0.16,0.13,79,84,1,2,4,4,3,2,0,0,14,14,0.14,0.37,0.21,0.27,0.48,0.52,0.09,0.27,0.36,0.28,0.09,0.24,0.49,0.19,0.46,0.54,0.47,0.53,4,12,1,0.9,16,15,0.81,0.87,6,7,1,1,130,132,13,9,1,0,0,0,0.84,0.86,417,349,25,27,3,6
bath,sale,24/25,6,40,13,12,6,3.33,1.67,6,5,124,96,22,18,330,227,7,4,97,145,26,23,8,3,5,0,15,20,0.51,0.58,0.28,0.23,0.22,0.18,89,64,0,2,6,1,5,1,0,0,14,19,0.21,0.28,0.29,0.22,0.5,0.5,0.07,0.28,0.29,0.37,0.09,0.29,0.36,0.27,0.8,0.2,0.55,0.45,10,11,0.88,0.67,16,11,0.94,0.91,7,5,0.86,0.8,134,129,7,8,0,0,1,1,0.79,0.86,366,361,23,26,5,4
gloucester,newcastle,24/25,6,36,7,15,6,2.4,1.17,17,5,128,128,32,33,382,256,13,4,148,114,24,36,6,6,4,3,21,21,0.62,0.47,0.23,0.34,0.15,0.19,76,98,0,0,6,1,3,1,0,0,17,16,0.21,0.36,0.25,0.18,0.46,0.54,0.11,0.39,0.21,0.29,0.11,0.24,0.41,0.24,0.53,0.47,0.49,0.51,4,5,1,0.75,19,17,0.95,0.65,6,2,0.67,1,203,146,11,10,1,0,0,0,0.86,0.76,754,478,36,24,6,5
bristol,northampton,24/25,6,31,23,13,8,2.38,2.88,9,5,160,112,15,20,291,219,10,16,124,203,22,35,3,8,1,5,10,25,0.66,0.54,0.29,0.28,0.05,0.18,106,83,1,2,4,3,4,1,0,0,19,14,0.16,0.29,0.28,0.27,0.58,0.42,0.06,0.3,0.31,0.32,0.17,0.29,0.34,0.19,0.57,0.43,0.56,0.44,9,8,0.88,1,11,11,0.82,0.91,6,5,1,1,241,160,9,10,0,0,0,0,0.85,0.85,701,522,35,22,0,0
sale,leicester,24/25,7,39,25,8,6,4.5,3.17,8,7,74,125,21,16,180,348,7,11,174,103,20,14,3,0,1,0,7,6,0.58,0.68,0.3,0.23,0.11,0.08,57,101,1,2,6,3,3,2,0,0,10,15,0.24,0.33,0.21,0.21,0.38,0.62,0.04,0.38,0.29,0.29,0.06,0.16,0.45,0.32,0.2,0.8,0.44,0.56,9,8,0.75,0.6,12,14,1,0.93,8,6,0.87,1,103,145,13,10,0,1,0,0,0.9,0.88,248,356,14,20,7,4
bath,exeter-chiefs,24/25,7,19,15,10,6,1.9,2.5,5,4,96,65,26,22,244,220,5,17,83,140,18,20,4,6,1,4,2,4,0.49,0.4,0.31,0.34,0.2,0.26,80,55,0,1,3,2,2,1,0,0,13,9,0.21,0.21,0.17,0.41,0.61,0.39,0.04,0.24,0.5,0.21,0.17,0.32,0.25,0.25,0.61,0.39,0.56,0.44,10,9,1,1,18,12,0.83,0.75,5,2,0.8,0.5,98,80,13,13,3,0,0,0,0.82,0.87,313,276,20,18,5,5
northampton,gloucester,24/25,7,17,25,11,7,1.55,2.71,8,5,141,105,21,23,416,267,5,9,107,138,16,25,5,5,3,4,18,20,0.76,0.55,0.16,0.26,0.09,0.18,97,69,1,2,2,3,2,2,0,0,16,16,0.19,0.32,0.21,0.28,0.49,0.51,0.09,0.27,0.37,0.27,0.07,0.26,0.42,0.25,0.48,0.52,0.5,0.5,10,8,0.89,1,13,17,0.85,0.71,4,5,1,0.8,183,184,11,11,0,1,0,0,0.87,0.85,520,448,25,16,2,5
harlequins,bristol,24/25,7,24,48,9,14,2.67,3.43,11,16,136,161,17,13,435,493,10,10,148,147,30,32,7,2,2,1,22,22,0.63,0.71,0.28,0.25,0.09,0.04,95,93,0,2,4,6,2,6,0,0,23,22,0.14,0.36,0.07,0.42,0.48,0.52,0.1,0.28,0.53,0.09,0.05,0.32,0.45,0.18,0.67,0.33,0.51,0.49,6,7,1,1,10,12,0.7,0.92,5,8,1,0.89,220,238,5,4,1,0,0,0,0.83,0.82,615,824,32,30,2,1
newcastle,saracens,24/25,7,17,12,9,7,1.89,1.71,4,4,93,146,41,33,120,325,1,6,196,105,32,21,10,5,4,1,18,2,0.46,0.68,0.21,0.21,0.34,0.1,71,111,1,0,2,2,2,1,0,0,8,15,0.08,0.44,0.24,0.24,0.47,0.53,0.11,0.3,0.29,0.3,0.1,0.26,0.54,0.1,0.07,0.93,0.43,0.57,4,5,0.75,1,14,16,0.86,0.75,6,4,0.83,1,101,202,9,14,1,0,0,1,0.86,0.83,315,550,21,32,5,5
saracens,northampton,24/25,8,39,24,14,10,2.79,2.4,3,8,104,118,37,21,222,301,16,9,156,148,40,20,12,6,8,2,7,12,0.42,0.65,0.27,0.25,0.3,0.09,77,81,1,0,6,4,3,2,0,0,12,23,0.2,0.26,0.23,0.3,0.53,0.47,0.14,0.25,0.35,0.27,0.1,0.37,0.3,0.23,0.14,0.86,0.51,0.49,9,7,0.75,0.86,13,15,0.85,0.8,7,5,1,0.8,107,164,16,10,1,0,0,0,0.8,0.88,396,505,20,40,8,0
newcastle,bath,24/25,8,15,40,7,12,2.14,3.33,2,6,83,138,28,26,190,262,7,9,183,112,20,22,7,8,6,5,12,7,0.43,0.62,0.2,0.27,0.37,0.11,64,110,1,0,2,6,1,5,0,0,11,15,0.38,0.2,0.2,0.21,0.37,0.63,0.09,0.38,0.27,0.26,0.05,0.21,0.26,0.48,0.47,0.53,0.45,0.55,10,6,1,1,16,9,0.81,0.89,4,5,0.8,1,99,111,5,9,0,0,0,0,0.9,0.84,235,472,22,20,4,5
sale,exeter-chiefs,24/25,8,28,10,9,5,3.11,1.4,3,4,79,50,32,34,230,126,5,4,62,99,10,19,3,5,1,2,4,12,0.42,0.39,0.35,0.37,0.23,0.24,56,44,0,1,4,1,3,1,0,0,16,11,0.11,0.39,0.25,0.25,0.51,0.49,0.17,0.22,0.31,0.31,0.2,0.18,0.48,0.13,0.52,0.48,0.62,0.38,9,9,1,0.71,23,12,0.87,0.75,6,4,0.83,1,98,59,8,18,0,2,0,0,0.86,0.84,202,140,19,10,9,4
leicester,bristol,24/25,8,24,54,11,11,2.18,4.91,6,16,143,126,14,10,283,384,10,12,114,185,37,27,4,6,1,2,30,15,0.67,0.63,0.29,0.27,0.04,0.1,119,76,0,0,4,8,2,7,0,0,22,15,0.18,0.18,0.19,0.45,0.71,0.29,0.05,0.11,0.59,0.25,0.13,0.41,0.23,0.23,0.93,0.07,0.58,0.42,8,8,1,0.86,17,7,0.94,0.86,4,8,1,1,249,176,7,13,0,1,0,0,0.75,0.87,385,722,27,37,11,1
gloucester,harlequins,24/25,8,14,0,9,7,1.56,0,7,4,120,128,24,24,180,261,14,6,166,109,35,17,6,9,3,4,8,8,0.67,0.63,0.19,0.2,0.14,0.17,65,96,0,0,2,0,2,0,0,0,20,23,0.13,0.31,0.18,0.37,0.54,0.46,0.05,0.25,0.47,0.23,0.09,0.35,0.39,0.17,0.47,0.53,0.45,0.55,12,9,1,0.78,14,17,0.86,0.82,3,1,0.75,0.5,158,179,11,7,0,0,0,0,0.83,0.87,404,420,17,35,4,5
exeter-chiefs,gloucester,24/25,9,22,15,9,5,2.44,2.4,5,8,143,88,42,44,327,177,9,14,104,191,19,22,2,5,1,2,8,15,0.51,0.5,0.35,0.31,0.13,0.19,116,66,1,1,3,2,2,1,0,0,19,14,0.16,0.24,0.23,0.37,0.62,0.38,0.04,0.25,0.44,0.27,0.08,0.45,0.28,0.19,0.72,0.28,0.6,0.4,5,4,1,0.67,15,16,1,0.88,6,5,1,0.4,178,130,8,9,0,0,0,0,0.85,0.9,406,305,22,19,4,2
harlequins,leicester,24/25,9,34,34,9,9,3.78,3.11,8,8,110,116,30,29,311,286,9,14,139,119,21,29,8,7,4,6,7,12,0.35,0.58,0.49,0.27,0.16,0.15,79,100,2,2,4,4,4,4,0,0,20,16,0.23,0.33,0.18,0.26,0.43,0.57,0.14,0.29,0.34,0.23,0.06,0.22,0.42,0.3,0.22,0.78,0.48,0.52,2,5,1,1,15,13,0.8,1,7,7,0.86,0.71,152,156,9,10,0,1,0,0,0.87,0.8,462,410,29,21,5,4
northampton,newcastle,24/25,9,61,0,12,7,5.08,0,12,4,115,148,29,21,398,345,24,4,200,114,19,30,9,2,5,2,8,14,0.73,0.56,0.18,0.29,0.09,0.15,81,123,0,0,9,0,8,0,0,0,17,18,0.2,0.32,0.15,0.33,0.47,0.53,0.11,0.24,0.45,0.2,0.1,0.18,0.44,0.28,0.37,0.63,0.42,0.58,6,12,1,0.82,13,11,0.92,1,10,1,1,1,167,206,5,6,1,0,0,0,0.91,0.79,716,408,30,19,3,6
bath,saracens,24/25,9,68,10,15,8,4.53,1.25,13,3,142,63,36,28,320,169,5,14,77,165,20,26,2,6,1,3,4,18,0.57,0.45,0.28,0.3,0.15,0.26,97,49,0,1,10,1,8,1,0,0,11,13,0.19,0.25,0.29,0.27,0.56,0.44,0.08,0.32,0.29,0.32,0.2,0.32,0.27,0.21,0.68,0.32,0.62,0.38,6,5,1,1,16,11,0.94,0.91,11,4,0.83,0.75,170,73,7,13,0,1,0,1,0.79,0.86,594,257,26,20,4,5
bristol,sale,24/25,9,0,38,10,11,0,2.91,8,5,124,76,11,20,195,197,7,21,85,160,17,21,2,6,2,3,4,15,0.51,0.38,0.42,0.35,0.07,0.27,90,52,0,3,0,4,0,3,0,1,20,14,0.25,0.31,0.24,0.2,0.48,0.52,0.11,0.33,0.25,0.31,0.14,0.14,0.4,0.32,0.72,0.28,0.59,0.41,7,8,1,0.88,19,17,1,0.88,2,9,1,0.89,216,79,14,12,1,1,0,0,0.83,0.88,318,347,21,17,4,5
northampton,bath,24/25,10,35,34,9,11,3.22,2.82,8,8,136,118,36,29,331,265,13,7,171,155,18,22,6,7,3,2,11,12,0.43,0.57,0.39,0.3,0.18,0.13,101,90,3,1,4,5,3,3,0,0,9,13,0.33,0.21,0.1,0.36,0.47,0.53,0.12,0.2,0.53,0.15,0.09,0.13,0.31,0.48,0.87,0.13,0.55,0.45,5,2,0.8,1,16,12,0.94,0.75,9,7,0.91,0.62,191,119,8,11,1,0,0,0,0.9,0.88,451,422,22,18,2,4
saracens,bristol,24/25,10,35,26,11,10,2.91,2.6,10,8,112,140,23,10,283,258,5,11,168,124,37,34,9,2,6,1,10,21,0.42,0.61,0.39,0.31,0.19,0.09,78,110,2,0,5,4,2,3,0,0,8,17,0.24,0.2,0.23,0.34,0.51,0.49,0.13,0.19,0.41,0.28,0.17,0.3,0.24,0.29,0.38,0.62,0.46,0.54,9,4,0.89,1,9,19,0.78,0.89,7,4,1,1,133,196,11,10,1,0,0,0,0.82,0.78,545,405,34,37,2,6
leicester,exeter-chiefs,24/25,10,28,15,7,8,4,1.88,4,5,113,101,36,28,141,80,10,13,130,159,20,20,7,5,4,3,7,6,0.43,0.47,0.3,0.32,0.27,0.21,93,81,0,1,4,2,4,1,0,0,14,16,0.19,0.32,0.28,0.21,0.49,0.51,0.05,0.34,0.26,0.35,0.06,0.3,0.4,0.24,0.5,0.5,0.52,0.48,9,11,1,1,11,13,1,0.85,5,4,0.83,0.6,134,125,8,9,0,1,0,0,0.87,0.89,279,190,20,20,3,7
gloucester,sale,24/25,10,36,20,10,10,3.6,1.7,7,1,52,103,25,21,118,118,5,3,105,59,13,9,2,3,1,1,6,8,0.33,0.58,0.21,0.23,0.45,0.2,36,76,1,1,5,3,4,1,0,0,11,12,0.32,0.32,0.16,0.21,0.39,0.61,0.2,0.43,0.21,0.16,0.12,0.23,0.32,0.32,0.79,0.21,0.41,0.59,11,5,0.89,0.75,13,19,0.92,0.89,7,4,1,1,86,106,18,8,2,0,0,0,0.89,0.87,288,361,9,13,4,14
newcastle,harlequins,24/25,10,14,38,6,9,2.33,4.22,2,6,97,80,26,25,92,158,4,4,100,153,17,7,2,5,2,3,5,4,0.61,0.61,0.2,0.15,0.19,0.24,88,64,0,1,2,5,2,5,0,0,13,10,0.2,0.24,0.18,0.38,0.55,0.45,0.05,0.21,0.5,0.23,0.11,0.32,0.31,0.26,0.44,0.56,0.51,0.49,10,4,1,1,12,22,1,0.86,3,6,0.67,1,152,121,13,7,0,1,0,0,0.85,0.96,228,244,7,17,3,9
bristol,newcastle,24/25,11,55,35,14,7,3.93,5,11,2,99,69,18,23,354,100,0,0,86,88,10,27,1,1,0,0,1,13,0.49,0.15,0.43,0.56,0.08,0.29,66,58,1,0,8,5,6,5,0,0,9,7,0.26,0.24,0.28,0.21,0.52,0.48,0.14,0.33,0.23,0.3,0.23,0.24,0.26,0.28,0.48,0.52,0.54,0.46,6,7,1,0.83,13,16,0.92,1,8,6,0.87,1,155,81,10,9,0,1,0,0,0.9,0.77,579,155,27,10,4,8
sale,bath,24/25,11,23,32,15,7,1.53,4.14,3,6,145,108,26,26,278,212,19,15,141,181,28,31,2,8,0,3,16,16,0.61,0.57,0.27,0.26,0.12,0.17,118,86,2,2,3,4,1,3,0,0,13,15,0.21,0.28,0.21,0.29,0.53,0.47,0.08,0.22,0.41,0.3,0.16,0.14,0.39,0.3,0.86,0.14,0.58,0.42,8,7,1,1,14,9,0.93,0.89,7,5,1,1,178,121,9,12,0,0,0,0,0.83,0.85,442,308,31,28,6,1
exeter-chiefs,saracens,24/25,11,31,22,8,11,3.88,1.73,3,6,123,94,30,31,251,194,3,4,103,174,25,23,3,6,1,3,16,15,0.53,0.32,0.29,0.34,0.18,0.34,97,61,0,1,5,3,3,2,0,0,19,13,0.22,0.25,0.21,0.32,0.53,0.47,0.07,0.24,0.42,0.27,0.08,0.31,0.33,0.28,0.09,0.91,0.54,0.46,5,8,1,0.86,15,16,0.8,0.94,6,4,1,1,159,111,13,11,1,1,0,1,0.8,0.88,347,303,23,25,6,10
gloucester,leicester,24/25,11,38,31,14,7,2.5,4,10,9,113,79,24,26,240,269,4,8,100,108,30,29,4,3,2,1,7,17,0.66,0.59,0.22,0.23,0.13,0.18,72,66,1,1,5,4,5,4,0,0,16,17,0.13,0.34,0.2,0.34,0.59,0.41,0.07,0.21,0.46,0.27,0.17,0.2,0.46,0.18,0.2,0.8,0.55,0.45,6,9,0.83,0.86,21,11,0.9,0.82,6,6,1,0.5,206,123,7,13,0,1,0,0,0.77,0.79,488,382,29,30,4,2
harlequins,northampton,24/25,11,22,19,11,9,2,2.11,14,7,166,147,29,27,360,227,15,13,176,190,19,42,9,7,3,4,16,19,0.71,0.74,0.17,0.15,0.12,0.11,120,113,0,0,4,3,1,2,0,0,14,15,0.13,0.39,0.14,0.33,0.45,0.55,0.09,0.24,0.47,0.2,0.05,0.21,0.55,0.19,0.61,0.39,0.53,0.47,9,5,0.71,1,13,13,0.92,1,5,4,1,0.75,246,206,4,7,0,0,0,0,0.9,0.82,639,489,42,19,4,6
bath,gloucester,24/25,12,42,26,12,6,3.5,4.33,6,7,123,100,27,15,312,295,6,15,88,154,22,19,8,8,4,4,13,13,0.51,0.46,0.27,0.33,0.22,0.22,89,51,0,0,6,4,6,3,0,0,15,17,0.16,0.22,0.31,0.31,0.64,0.36,0.06,0.21,0.36,0.37,0.13,0.42,0.26,0.19,0.41,0.59,0.58,0.42,14,5,1,1,16,14,0.81,0.79,7,4,1,1,141,152,6,13,0,1,0,0,0.8,0.89,479,539,19,22,2,1
bristol,exeter-chiefs,24/25,12,52,38,14,15,3.71,2.53,10,10,107,151,18,22,335,387,16,7,181,114,28,23,4,7,2,4,21,19,0.55,0.46,0.28,0.4,0.16,0.15,71,116,0,0,8,6,6,4,0,0,11,13,0.28,0.23,0.29,0.2,0.46,0.54,0.08,0.19,0.3,0.43,0.11,0.12,0.34,0.42,0.34,0.66,0.44,0.56,2,4,1,1,20,13,0.9,0.92,8,7,0.37,0.57,171,229,6,9,1,0,1,0,0.87,0.83,481,498,23,28,8,1
saracens,harlequins,24/25,12,12,23,6,7,2,2,5,3,76,141,33,37,193,336,13,7,168,90,32,21,7,5,5,1,15,10,0.38,0.55,0.34,0.22,0.28,0.23,52,109,0,3,2,2,1,2,0,0,17,17,0.17,0.39,0.12,0.32,0.43,0.57,0.13,0.38,0.36,0.13,0.07,0.29,0.44,0.19,0.5,0.5,0.4,0.6,7,7,0.86,1,13,13,0.85,1,4,6,0.75,0.83,126,183,11,10,0,0,0,0,0.84,0.81,247,432,21,32,4,3
newcastle,sale,24/25,12,15,39,8,9,1.88,4,3,9,113,110,28,16,197,390,9,18,136,152,34,16,6,3,3,2,9,11,0.47,0.65,0.34,0.19,0.19,0.15,94,82,1,2,2,5,1,4,0,0,12,16,0.22,0.31,0.19,0.28,0.45,0.55,0.09,0.22,0.41,0.28,0.07,0.15,0.45,0.32,0.83,0.17,0.52,0.48,10,5,1,1,14,13,0.86,1,6,7,0.83,0.71,153,155,9,11,0,1,0,0,0.8,0.9,278,577,16,34,3,2
northampton,leicester,24/25,12,0,33,6,13,0,2.08,4,11,111,99,19,38,354,322,7,9,151,145,25,30,7,10,3,7,9,12,0.71,0.69,0.21,0.23,0.07,0.08,76,75,0,3,0,4,0,2,0,0,29,14,0.12,0.41,0.11,0.37,0.45,0.55,0.09,0.32,0.45,0.13,0.06,0.3,0.5,0.15,0.26,0.74,0.48,0.52,5,17,1,1,18,13,1,0.85,1,9,1,0.67,165,148,10,14,0,0,0,0,0.86,0.83,481,413,30,25,3,2
leicester,saracens,24/25,13,22,29,12,7,1.83,4.14,3,7,118,102,23,23,225,198,4,23,113,136,25,24,6,5,1,2,17,9,0.78,0.45,0.14,0.29,0.08,0.26,92,68,0,0,3,4,2,3,1,1,13,14,0.22,0.22,0.34,0.22,0.61,0.39,0.06,0.2,0.29,0.44,0.06,0.37,0.28,0.29,0.46,0.54,0.51,0.49,6,8,0.83,1,17,14,0.82,0.57,4,8,1,1,162,145,12,13,0,0,0,0,0.82,0.85,306,389,24,25,4,4
gloucester,bristol,24/25,13,53,28,14,6,3.79,4.67,12,5,113,163,21,11,281,358,12,2,192,110,35,29,6,5,4,3,15,15,0.54,0.64,0.29,0.25,0.18,0.11,61,111,0,0,9,4,4,4,0,0,16,19,0.22,0.23,0.25,0.3,0.55,0.45,0.1,0.22,0.37,0.31,0.15,0.28,0.29,0.28,0.38,0.62,0.44,0.56,11,10,1,1,10,12,1,1,9,5,0.8,1,174,235,6,8,0,0,0,0,0.85,0.79,565,481,29,35,3,0
bath,harlequins,24/25,13,47,28,17,9,2.76,3.11,12,8,122,134,26,25,333,379,8,3,154,153,38,22,6,5,2,2,15,13,0.51,0.56,0.33,0.25,0.14,0.19,86,103,0,0,7,4,6,4,0,0,13,13,0.18,0.33,0.22,0.27,0.49,0.51,0.07,0.27,0.37,0.3,0.11,0.2,0.45,0.24,0.47,0.53,0.48,0.52,7,3,1,1,15,15,0.73,1,8,5,0.87,0.8,155,196,6,10,0,2,0,0,0.8,0.87,726,467,22,38,1,1
exeter-chiefs,newcastle,24/25,13,17,15,9,6,1.89,2,8,5,159,95,19,32,448,219,4,8,119,182,22,41,4,4,1,1,10,16,0.58,0.42,0.3,0.36,0.12,0.22,123,76,0,1,3,2,1,1,0,0,14,7,0.11,0.38,0.21,0.29,0.57,0.43,0.05,0.24,0.41,0.3,0.02,0.3,0.53,0.16,0.8,0.2,0.58,0.42,2,9,1,1,14,15,0.86,0.87,4,3,1,0.4,239,119,13,14,0,1,0,0,0.84,0.82,486,282,41,22,7,5
sale,northampton,24/25,13,27,24,11,9,2.45,2.67,6,8,86,138,29,22,199,296,3,8,168,112,23,15,6,3,3,2,16,7,0.68,0.77,0.06,0.16,0.26,0.07,67,102,1,0,4,4,2,2,0,0,12,18,0.15,0.31,0.22,0.32,0.52,0.48,0.11,0.18,0.42,0.29,0.09,0.31,0.41,0.19,0.2,0.8,0.47,0.53,7,7,0.5,0.8,18,16,0.94,0.94,6,6,1,0.83,142,178,12,14,1,2,0,0,0.88,0.88,311,461,15,23,5,3
bristol,leicester,24/25,14,19,36,12,11,1.58,3.27,11,6,138,73,11,36,432,254,4,13,92,147,19,44,5,12,2,7,5,28,0.74,0.64,0.21,0.19,0.05,0.17,85,61,0,1,3,5,2,4,0,0,31,14,0.26,0.26,0.11,0.38,0.51,0.49,0.08,0.33,0.46,0.13,0.2,0.18,0.31,0.31,0.65,0.35,0.58,0.42,10,12,1,1,17,11,0.76,0.82,4,6,1,0.83,244,106,5,8,0,2,0,0,0.83,0.77,740,259,44,19,3,3
saracens,gloucester,24/25,14,36,14,13,12,2.77,1.17,9,7,111,90,20,17,379,167,7,3,106,158,11,32,15,4,6,1,5,10,0.55,0.73,0.3,0.16,0.15,0.11,87,54,0,0,6,2,3,2,0,0,14,22,0.15,0.31,0.25,0.29,0.55,0.45,0.1,0.14,0.41,0.35,0.06,0.3,0.43,0.21,0.11,0.89,0.58,0.42,8,7,0.75,1,21,13,0.9,0.69,7,3,0.86,1,143,146,10,13,0,0,0,0,0.91,0.83,472,421,32,11,9,1
harlequins,sale,24/25,14,29,43,9,15,3.22,2.87,11,9,154,117,30,23,357,310,5,13,124,180,27,35,9,5,3,0,14,15,0.57,0.61,0.26,0.29,0.17,0.1,117,75,1,0,4,7,3,4,0,0,9,19,0.22,0.31,0.18,0.29,0.45,0.55,0.15,0.23,0.39,0.24,0.1,0.19,0.42,0.29,0.9,0.1,0.57,0.43,8,3,0.86,1,14,13,0.86,1,6,8,1,1,225,163,9,10,0,0,0,0,0.82,0.84,488,575,35,27,1,7
exeter-chiefs,bath,24/25,14,24,26,9,14,2.33,1.86,8,7,143,141,32,38,397,344,20,12,148,146,22,20,2,7,0,3,20,19,0.45,0.41,0.29,0.26,0.26,0.33,97,96,1,0,3,4,3,2,0,0,17,12,0.25,0.27,0.16,0.32,0.48,0.52,0.1,0.36,0.36,0.18,0.08,0.32,0.31,0.29,0.36,0.64,0.5,0.5,4,9,0.75,1,11,13,1,0.77,5,5,1,0.67,192,150,9,10,1,0,0,0,0.87,0.88,576,521,20,22,1,2
newcastle,northampton,24/25,14,34,35,8,14,3.88,2.5,10,10,127,133,38,37,279,346,3,4,152,152,24,19,6,5,2,2,17,5,0.45,0.74,0.28,0.18,0.26,0.08,102,94,1,0,5,5,3,5,0,0,12,15,0.3,0.25,0.19,0.26,0.43,0.57,0.14,0.34,0.3,0.22,0.09,0.27,0.29,0.34,0.8,0.2,0.52,0.48,8,7,0.57,0.83,9,12,1,0.92,7,5,1,1,156,164,9,6,0,0,0,0,0.86,0.89,515,581,19,24,4,4
sale,saracens,24/25,15,25,7,7,6,0.86,1.33,1,4,83,77,29,30,171,185,10,10,114,128,19,11,4,7,4,3,2,2,0.41,0.48,0.3,0.32,0.29,0.2,72,67,4,2,0,1,0,0,0,0,12,14,0.19,0.27,0.12,0.42,0.58,0.42,0.06,0.23,0.56,0.16,0.12,0.27,0.36,0.25,0.55,0.45,0.54,0.46,9,8,1,0.75,17,15,1,0.93,4,4,1,0.8,118,89,13,10,0,0,0,0,0.86,0.92,379,430,27,31,2,5
bath,newcastle,24/25,15,55,19,9,11,2.89,2.91,8,8,141,127,16,26,373,305,11,19,165,171,20,13,5,7,2,3,5,18,0.59,0.43,0.26,0.39,0.15,0.18,106,103,0,2,4,5,3,2,0,0,14,12,0.18,0.36,0.17,0.29,0.49,0.51,0.15,0.22,0.4,0.23,0.05,0.22,0.49,0.24,0.64,0.36,0.46,0.54,3,6,1,1,12,15,0.75,1,4,9,1,0.9,167,145,11,9,0,0,0,0,0.89,0.93,744,391,35,23,2,6
leicester,harlequins,24/25,15,40,7,7,6,2,2.83,8,2,160,91,14,22,320,198,10,17,124,185,24,25,4,9,1,4,10,14,0.53,0.48,0.32,0.26,0.15,0.26,113,73,0,0,2,2,2,2,0,1,14,15,0.15,0.33,0.19,0.34,0.55,0.45,0.03,0.33,0.41,0.23,0.1,0.32,0.4,0.18,0.25,0.75,0.53,0.47,12,8,0.91,1,10,18,0.9,0.94,3,2,0.33,0.67,196,108,15,13,1,1,0,1,0.84,0.88,537,430,35,19,3,1
northampton,bristol,24/25,15,48,31,9,7,3.89,1.43,5,5,97,106,32,33,226,330,10,10,116,93,29,17,6,5,2,4,11,12,0.37,0.57,0.33,0.32,0.3,0.1,64,80,1,3,5,1,5,1,0,0,17,11,0.06,0.42,0.2,0.32,0.53,0.47,0.06,0.38,0.35,0.22,0.05,0.44,0.45,0.06,0.98,0.02,0.49,0.51,6,5,0.8,1,13,9,1,1,9,6,1,0.71,102,135,8,14,0,1,0,0,0.8,0.85,769,824,44,37,1,1
gloucester,exeter-chiefs,24/25,15,79,17,16,9,4.94,1.89,14,7,125,126,21,12,231,281,13,7,120,101,26,25,10,4,4,3,11,15,0.68,0.56,0.18,0.32,0.15,0.12,66,74,0,0,13,3,7,1,0,0,14,17,0.14,0.4,0.17,0.29,0.47,0.53,0.1,0.28,0.39,0.23,0.07,0.21,0.53,0.18,0.11,0.89,0.55,0.45,8,5,1,1,12,7,0.92,1,14,3,0.71,1,178,189,3,11,0,1,0,0,0.82,0.8,552,486,25,26,7,1
